Run,ReleaseDate,LoadDate,spots,bases,spots_with_mates,avgLength,size_MB,AssemblyName,download_path,Experiment,LibraryName,LibraryStrategy,LibrarySelection,LibrarySource,LibraryLayout,InsertSize,InsertDev,Platform,Model,SRAStudy,BioProject,Study_Pubmed_id,ProjectID,Sample,BioSample,SampleType,TaxID,ScientificName,SampleName,g1k_pop_code,source,g1k_analysis_group,Subject_ID,Sex,Disease,Tumor,Affection_Status,Analyte_Type,Histological_Type,Body_Site,CenterName,Submission,dbgap_study_accession,Consent,RunHash,ReadHash
SRR17130733,2022-12-31 00:19:57,2021-12-04 15:22:49,9228,4632456,9228,502,2,,https://sra-downloadb.be-md.ncbi.nlm.nih.gov/sos8/sra-pub-zq-818/SRR017/17130/SRR17130733/SRR17130733.lite.1,SRX13315270,CAC42A_16S,AMPLICON,unspecified,METAGENOMIC,PAIRED,0,0,ILLUMINA,Illumina MiSeq,SRP349249,PRJNA786222,,786222,SRS11223456,SAMN23637195,simple,410658,soil metagenome,T15a,,,,,,,no,,,,,MARS WRIGLEY,SRA1338726,,public,23F76CA592AD8412F5F7017978BD3885,78EE93D66BE1DDB852DA2B1638E58654
SRR17130722,2022-12-31 00:19:57,2021-12-04 15:22:56,15230,7645460,15230,502,4,,https://sra-downloadb.be-md.ncbi.nlm.nih.gov/sos8/sra-pub-zq-818/SRR017/17130/SRR17130722/SRR17130722.lite.1,SRX13315281,CAC44A_16S,AMPLICON,unspecified,METAGENOMIC,PAIRED,0,0,ILLUMINA,Illumina MiSeq,SRP349249,PRJNA786222,,786222,SRS11223466,SAMN23637196,simple,410658,soil metagenome,T16a,,,,,,,no,,,,,MARS WRIGLEY,SRA1338726,,public,E1F9761BFE95A630F377F1AEB706A98A,9C3690228687A27158B5A11D6BCA20D0
SRR17130710,2022-12-31 00:19:58,2021-12-04 15:23:13,27031,13569562,27031,502,7,,https://sra-downloadb.be-md.ncbi.nlm.nih.gov/sos8/sra-pub-zq-818/SRR017/17130/SRR17130710/SRR17130710.lite.1,SRX13315293,CAC64A_16S,AMPLICON,unspecified,METAGENOMIC,PAIRED,0,0,ILLUMINA,Illumina MiSeq,SRP349249,PRJNA786222,,786222,SRS11223479,SAMN23637201,simple,410658,soil metagenome,T21a,,,,,,,no,,,,,MARS WRIGLEY,SRA1338726,,public,105E45865EEC01DF5CE342E8DA8B7D64,C06CBCEFDD2E7A636A54D239AFDF643E
SRR17130709,2022-12-31 00:19:58,2021-12-04 15:23:13,34451,17294402,34451,502,9,,https://sra-downloadb.be-md.ncbi.nlm.nih.gov/sos8/sra-pub-zq-818/SRR017/17130/SRR17130709/SRR17130709.lite.1,SRX13315294,CAC75A_16S,AMPLICON,unspecified,METAGENOMIC,PAIRED,0,0,ILLUMINA,Illumina MiSeq,SRP349249,PRJNA786222,,786222,SRS11223480,SAMN23637202,simple,410658,soil metagenome,T22a,,,,,,,no,,,,,MARS WRIGLEY,SRA1338726,,public,C6189F0B30C6E08B37417544B2A25123,07A5FEB2093D63EEE42258C8E607BA25
SRR17130708,2022-12-31 00:19:58,2021-12-04 15:23:13,26720,13413440,26720,502,7,,https://sra-downloadb.be-md.ncbi.nlm.nih.gov/sos8/sra-pub-zq-818/SRR017/17130/SRR17130708/SRR17130708.lite.1,SRX13315295,CAC78A_16S,AMPLICON,unspecified,METAGENOMIC,PAIRED,0,0,ILLUMINA,Illumina MiSeq,SRP349249,PRJNA786222,,786222,SRS11223481,SAMN23637203,simple,410658,soil metagenome,T23a,,,,,,,no,,,,,MARS WRIGLEY,SRA1338726,,public,A2ABC305A732151E66A3EDAF9ADDB19E,654443EFEB8D296851EAFE37AA2C7D7F
SRR17130707,2022-12-31 00:19:58,2021-12-04 15:22:50,17020,8544040,17020,502,4,,https://sra-downloadb.be-md.ncbi.nlm.nih.gov/sos8/sra-pub-zq-818/SRR017/17130/SRR17130707/SRR17130707.lite.1,SRX13315296,CAC81A_16S,AMPLICON,unspecified,METAGENOMIC,PAIRED,0,0,ILLUMINA,Illumina MiSeq,SRP349249,PRJNA786222,,786222,SRS11223482,SAMN23637204,simple,410658,soil metagenome,T24a,,,,,,,no,,,,,MARS WRIGLEY,SRA1338726,,public,D6DAE140EE2ED632AE07CD04B3F283B9,24999A105EC71EA65A33F0B7244C724F
SRR17130706,2022-12-31 00:19:58,2021-12-04 15:23:13,28015,14063530,28015,502,8,,https://sra-downloadb.be-md.ncbi.nlm.nih.gov/sos8/sra-pub-zq-818/SRR017/17130/SRR17130706/SRR17130706.lite.1,SRX13315297,CAC115A_16S,AMPLICON,unspecified,METAGENOMIC,PAIRED,0,0,ILLUMINA,Illumina MiSeq,SRP349249,PRJNA786222,,786222,SRS11223483,SAMN23637217,simple,410658,soil metagenome,T37a,,,,,,,no,,,,,MARS WRIGLEY,SRA1338726,,public,4508E1B6804ACD51132B5A5B1383A4B8,38FCC37B0075560B3BCAF73CB06F25B2
SRR17130705,2022-12-31 00:19:58,2021-12-04 15:23:00,17927,8999354,17927,502,5,,https://sra-downloadb.be-md.ncbi.nlm.nih.gov/sos8/sra-pub-zq-818/SRR017/17130/SRR17130705/SRR17130705.lite.1,SRX13315298,CAC116A_16S,AMPLICON,unspecified,METAGENOMIC,PAIRED,0,0,ILLUMINA,Illumina MiSeq,SRP349249,PRJNA786222,,786222,SRS11223484,SAMN23637218,simple,410658,soil metagenome,T38a,,,,,,,no,,,,,MARS WRIGLEY,SRA1338726,,public,2A2E3E68A099D6878963B10B1A6DD999,0923B0CAFE0D30957F0FB26DD139A152
SRR17130704,2022-12-31 00:19:58,2021-12-04 15:22:58,26468,13286936,26468,502,7,,https://sra-downloadb.be-md.ncbi.nlm.nih.gov/sos8/sra-pub-zq-818/SRR017/17130/SRR17130704/SRR17130704.lite.1,SRX13315299,CAC118A_16S,AMPLICON,unspecified,METAGENOMIC,PAIRED,0,0,ILLUMINA,Illumina MiSeq,SRP349249,PRJNA786222,,786222,SRS11223485,SAMN23637219,simple,410658,soil metagenome,T39a,,,,,,,no,,,,,MARS WRIGLEY,SRA1338726,,public,C87C00BB983057EAF600A04B189C9F5A,57CE92E7D242F06FAA3999C222ED17CD
SRR17130711,2022-12-31 00:19:58,2021-12-04 15:22:53,12592,6321184,12592,502,3,,https://sra-downloadb.be-md.ncbi.nlm.nih.gov/sos8/sra-pub-zq-818/SRR017/17130/SRR17130711/SRR17130711.lite.1,SRX13315292,CAC11A_16S,AMPLICON,unspecified,METAGENOMIC,PAIRED,0,0,ILLUMINA,Illumina MiSeq,SRP349249,PRJNA786222,,786222,SRS11223478,SAMN23637183,simple,410658,soil metagenome,T3a,,,,,,,no,,,,,MARS WRIGLEY,SRA1338726,,public,5823224C2D18D6159A44A578C525DC9C,1A8EC6D794F7660194DC72D9B353F2CC
SRR17130703,2022-12-31 00:19:58,2021-12-04 15:23:01,38868,19511736,38868,502,11,,https://sra-downloadb.be-md.ncbi.nlm.nih.gov/sos8/sra-pub-zq-818/SRR017/17130/SRR17130703/SRR17130703.lite.1,SRX13315300,CAC121A_16S,AMPLICON,unspecified,METAGENOMIC,PAIRED,0,0,ILLUMINA,Illumina MiSeq,SRP349249,PRJNA786222,,786222,SRS11223486,SAMN23637220,simple,410658,soil metagenome,T40a,,,,,,,no,,,,,MARS WRIGLEY,SRA1338726,,public,BD4924FC6307E7FB28760CF6465D9C24,D6EDD9EDC751D2C5DBCCF61C2076E403
SRR17130702,2022-12-31 00:19:58,2021-12-04 15:23:01,25122,12611244,25122,502,7,,https://sra-downloadb.be-md.ncbi.nlm.nih.gov/sos8/sra-pub-zq-820/SRR017/17130/SRR17130702/SRR17130702.lite.1,SRX13315301,CAC131A_16S,AMPLICON,unspecified,METAGENOMIC,PAIRED,0,0,ILLUMINA,Illumina MiSeq,SRP349249,PRJNA786222,,786222,SRS11223487,SAMN23637221,simple,410658,soil metagenome,T41a,,,,,,,no,,,,,MARS WRIGLEY,SRA1338726,,public,752924E2E920408A96152ACF0EADDAD2,6DDAE32D36362168AF7E3BAD30FD65E4
SRR17130701,2022-12-31 00:19:58,2021-12-04 15:23:00,20552,10317104,20552,502,5,,https://sra-downloadb.be-md.ncbi.nlm.nih.gov/sos8/sra-pub-zq-818/SRR017/17130/SRR17130701/SRR17130701.lite.1,SRX13315302,CAC134A_16S,AMPLICON,unspecified,METAGENOMIC,PAIRED,0,0,ILLUMINA,Illumina MiSeq,SRP349249,PRJNA786222,,786222,SRS11223489,SAMN23637222,simple,410658,soil metagenome,T42a,,,,,,,no,,,,,MARS WRIGLEY,SRA1338726,,public,3E3C2A0C928E4271394FA07EF3B6C7D7,5E48257A9DBCB223B6A912B20FE4FC19
SRR17130699,2022-12-31 00:19:58,2021-12-04 15:23:01,19739,9908978,19739,502,5,,https://sra-downloadb.be-md.ncbi.nlm.nih.gov/sos8/sra-pub-zq-818/SRR017/17130/SRR17130699/SRR17130699.lite.1,SRX13315304,CAC135A_16S,AMPLICON,unspecified,METAGENOMIC,PAIRED,0,0,ILLUMINA,Illumina MiSeq,SRP349249,PRJNA786222,,786222,SRS11223490,SAMN23637223,simple,410658,soil metagenome,T43a,,,,,,,no,,,,,MARS WRIGLEY,SRA1338726,,public,35751D0151555172C7EC8754B8D81069,A716706627F48FBBF3A9DF47F5D4CB88
SRR17130698,2022-12-31 00:19:58,2021-12-04 15:23:02,21274,10679548,21274,502,6,,https://sra-downloadb.be-md.ncbi.nlm.nih.gov/sos8/sra-pub-zq-818/SRR017/17130/SRR17130698/SRR17130698.lite.1,SRX13315305,CAC137A_16S,AMPLICON,unspecified,METAGENOMIC,PAIRED,0,0,ILLUMINA,Illumina MiSeq,SRP349249,PRJNA786222,,786222,SRS11223491,SAMN23637224,simple,410658,soil metagenome,T44a,,,,,,,no,,,,,MARS WRIGLEY,SRA1338726,,public,208549D4551F3C02B217493814902FAA,2491F756E5B5A1D1D18DA2F81460C19F
SRR17130697,2022-12-31 00:19:58,2021-12-04 15:23:12,29879,14999258,29879,502,8,,https://sra-downloadb.be-md.ncbi.nlm.nih.gov/sos8/sra-pub-zq-818/SRR017/17130/SRR17130697/SRR17130697.lite.1,SRX13315306,CAC140A_16S,AMPLICON,unspecified,METAGENOMIC,PAIRED,0,0,ILLUMINA,Illumina MiSeq,SRP349249,PRJNA786222,,786222,SRS11223492,SAMN23637225,simple,410658,soil metagenome,T45a,,,,,,,no,,,,,MARS WRIGLEY,SRA1338726,,public,E032DBD273181F0BF1BD9966C371C19D,BEDD771A66C91A422B8100740EEB875D
SRR17130696,2022-12-31 00:19:58,2021-12-04 15:22:57,18682,9378364,18682,502,5,,https://sra-downloadb.be-md.ncbi.nlm.nih.gov/sos8/sra-pub-zq-818/SRR017/17130/SRR17130696/SRR17130696.lite.1,SRX13315307,CAC144A_16S,AMPLICON,unspecified,METAGENOMIC,PAIRED,0,0,ILLUMINA,Illumina MiSeq,SRP349249,PRJNA786222,,786222,SRS11223493,SAMN23637226,simple,410658,soil metagenome,T46a,,,,,,,no,,,,,MARS WRIGLEY,SRA1338726,,public,849711DF2DA5EF77FD92AE3F9E231AE3,9BFE12B957352515EF2E8E8797A6555F
SRR17130695,2022-12-31 00:19:58,2021-12-04 15:23:12,28645,14379790,28645,502,8,,https://sra-downloadb.be-md.ncbi.nlm.nih.gov/sos8/sra-pub-zq-818/SRR017/17130/SRR17130695/SRR17130695.lite.1,SRX13315308,CAC151A_16S,AMPLICON,unspecified,METAGENOMIC,PAIRED,0,0,ILLUMINA,Illumina MiSeq,SRP349249,PRJNA786222,,786222,SRS11223495,SAMN23637227,simple,410658,soil metagenome,T47a,,,,,,,no,,,,,MARS WRIGLEY,SRA1338726,,public,63ACD31220E7572F0CE69FF4177DA8E2,5723255B1E16E82D19A5C4F44DAE3C3A
SRR17130739,2022-12-31 00:19:57,2021-12-04 15:21:58,135830,60579778,135830,445,17,,https://sra-downloadb.be-md.ncbi.nlm.nih.gov/sos8/sra-pub-zq-818/SRR017/17130/SRR17130739/SRR17130739.lite.1,SRX13315264,T47_ITS,AMPLICON,unspecified,METAGENOMIC,PAIRED,0,0,ILLUMINA,Illumina NovaSeq 6000,SRP349249,PRJNA786222,,786222,SRS11223450,SAMN23637327,simple,410658,soil metagenome,T47b,,,,,,,no,,,,,MARS WRIGLEY,SRA1338726,,public,835A39CAB45D6AAC176A02F86C87CBA1,B77409630E1F44CE60BEF53B3F86354D
SRR17130694,2022-12-31 00:19:58,2021-12-04 15:22:56,18182,9127364,18182,502,5,,https://sra-downloadb.be-md.ncbi.nlm.nih.gov/sos1/sra-pub-zq-38/SRR017/17130/SRR17130694/SRR17130694.lite.1,SRX13315309,CAC153A_16S,AMPLICON,unspecified,METAGENOMIC,PAIRED,0,0,ILLUMINA,Illumina MiSeq,SRP349249,PRJNA786222,,786222,SRS11223494,SAMN23637228,simple,410658,soil metagenome,T48a,,,,,,,no,,,,,MARS WRIGLEY,SRA1338726,,public,95EBB19695040B0EB0EDA817DF81AF1E,37E5133E6C477635BD54FD3A1D301D89
SRR17130738,2022-12-31 00:19:57,2021-12-04 15:21:53,161853,72185868,161853,445,21,,https://sra-downloadb.be-md.ncbi.nlm.nih.gov/sos1/sra-pub-zq-38/SRR017/17130/SRR17130738/SRR17130738.lite.1,SRX13315265,T48_ITS,AMPLICON,unspecified,METAGENOMIC,PAIRED,0,0,ILLUMINA,Illumina NovaSeq 6000,SRP349249,PRJNA786222,,786222,SRS11223451,SAMN23637328,simple,410658,soil metagenome,T48b,,,,,,,no,,,,,MARS WRIGLEY,SRA1338726,,public,D39FB1737829971613957A6DF35F17DC,5908C5944047A7AE5BFED86974FE923F
SRR17130693,2022-12-31 00:19:58,2021-12-04 15:22:57,28423,14268346,28423,502,8,,https://sra-downloadb.be-md.ncbi.nlm.nih.gov/sos8/sra-pub-zq-818/SRR017/17130/SRR17130693/SRR17130693.lite.1,SRX13315310,CAC154A_16S,AMPLICON,unspecified,METAGENOMIC,PAIRED,0,0,ILLUMINA,Illumina MiSeq,SRP349249,PRJNA786222,,786222,SRS11223496,SAMN23637229,simple,410658,soil metagenome,T49a,,,,,,,no,,,,,MARS WRIGLEY,SRA1338726,,public,B4B5169F26E85FA0C31576D80ECCEF87,1746CD65E6F20ECB7A52F2497DC2C439
SRR17130737,2022-12-31 00:19:57,2021-12-04 15:21:52,142765,63672199,142765,445,18,,https://sra-downloadb.be-md.ncbi.nlm.nih.gov/sos8/sra-pub-zq-818/SRR017/17130/SRR17130737/SRR17130737.lite.1,SRX13315266,T49_ITS,AMPLICON,unspecified,METAGENOMIC,PAIRED,0,0,ILLUMINA,Illumina NovaSeq 6000,SRP349249,PRJNA786222,,786222,SRS11223452,SAMN23637329,simple,410658,soil metagenome,T49b,,,,,,,no,,,,,MARS WRIGLEY,SRA1338726,,public,964E60BB9C14008F70CC4402067799AF,492A313677F4F113AF0FF42FD4E5626A
SRR17130700,2022-12-31 00:19:58,2021-12-04 15:22:57,18635,9354770,18635,502,5,,https://sra-downloadb.be-md.ncbi.nlm.nih.gov/sos8/sra-pub-zq-818/SRR017/17130/SRR17130700/SRR17130700.lite.1,SRX13315303,CAC15A_16S,AMPLICON,unspecified,METAGENOMIC,PAIRED,0,0,ILLUMINA,Illumina MiSeq,SRP349249,PRJNA786222,,786222,SRS11223488,SAMN23637184,simple,410658,soil metagenome,T4a,,,,,,,no,,,,,MARS WRIGLEY,SRA1338726,,public,515C54BD2915467A04E6CBFB6232E6FB,56377D2DE74473FDCFA165407BFBFE11
SRR17130692,2022-12-31 00:19:58,2021-12-04 15:22:58,17845,8958190,17845,502,5,,https://sra-downloadb.be-md.ncbi.nlm.nih.gov/sos1/sra-pub-zq-38/SRR017/17130/SRR17130692/SRR17130692.lite.1,SRX13315311,CAC156A_16S,AMPLICON,unspecified,METAGENOMIC,PAIRED,0,0,ILLUMINA,Illumina MiSeq,SRP349249,PRJNA786222,,786222,SRS11223497,SAMN23637230,simple,410658,soil metagenome,T50a,,,,,,,no,,,,,MARS WRIGLEY,SRA1338726,,public,88E135E770D2F45985CB8846CEB7EF5E,D709920A574B8418ECDD7BAAD09A4571
SRR17130736,2022-12-31 00:19:57,2021-12-04 15:21:48,103980,46374536,103980,445,12,,https://sra-downloadb.be-md.ncbi.nlm.nih.gov/sos8/sra-pub-zq-818/SRR017/17130/SRR17130736/SRR17130736.lite.1,SRX13315267,T50_ITS,AMPLICON,unspecified,METAGENOMIC,PAIRED,0,0,ILLUMINA,Illumina NovaSeq 6000,SRP349249,PRJNA786222,,786222,SRS11223453,SAMN23637330,simple,410658,soil metagenome,T50b,,,,,,,no,,,,,MARS WRIGLEY,SRA1338726,,public,2831908743FBFEE4F04CFD012409274F,C8052F10518D3952EE677591DC58FA2B
SRR17130691,2022-12-31 00:19:58,2021-12-04 15:23:02,21763,10925026,21763,502,6,,https://sra-downloadb.be-md.ncbi.nlm.nih.gov/sos8/sra-pub-zq-820/SRR017/17130/SRR17130691/SRR17130691.lite.1,SRX13315312,CAC158A_16S,AMPLICON,unspecified,METAGENOMIC,PAIRED,0,0,ILLUMINA,Illumina MiSeq,SRP349249,PRJNA786222,,786222,SRS11223498,SAMN23637231,simple,410658,soil metagenome,T51a,,,,,,,no,,,,,MARS WRIGLEY,SRA1338726,,public,D40A7B005279D48B94A3C64F4730E0EE,0E544821ACE5A962D27ADD55473CFD74
SRR17130735,2022-12-31 00:19:57,2021-12-04 15:21:48,149333,66601553,149333,445,20,,https://sra-downloadb.be-md.ncbi.nlm.nih.gov/sos8/sra-pub-zq-820/SRR017/17130/SRR17130735/SRR17130735.lite.1,SRX13315268,T51_ITS,AMPLICON,unspecified,METAGENOMIC,PAIRED,0,0,ILLUMINA,Illumina NovaSeq 6000,SRP349249,PRJNA786222,,786222,SRS11223454,SAMN23637331,simple,410658,soil metagenome,T51b,,,,,,,no,,,,,MARS WRIGLEY,SRA1338726,,public,D999F60A9F8019158744EB7B8C207FF5,21C33ED591434F5ACE203E76328878D0
SRR17130690,2022-12-31 00:19:58,2021-12-04 15:23:11,21044,10564088,21044,502,6,,https://sra-downloadb.be-md.ncbi.nlm.nih.gov/sos1/sra-pub-zq-38/SRR017/17130/SRR17130690/SRR17130690.lite.1,SRX13315313,CAC160A_16S,AMPLICON,unspecified,METAGENOMIC,PAIRED,0,0,ILLUMINA,Illumina MiSeq,SRP349249,PRJNA786222,,786222,SRS11223499,SAMN23637232,simple,410658,soil metagenome,T52a,,,,,,,no,,,,,MARS WRIGLEY,SRA1338726,,public,AD6E55E5FE2D1AAC296A36EFA5B93CF3,FD2C9B496E5C9B83E22C66758B42B3AB
SRR17130734,2022-12-31 00:19:57,2021-12-04 15:21:48,131210,58519100,131210,445,17,,https://sra-downloadb.be-md.ncbi.nlm.nih.gov/sos8/sra-pub-zq-820/SRR017/17130/SRR17130734/SRR17130734.lite.1,SRX13315269,T52_ITS,AMPLICON,unspecified,METAGENOMIC,PAIRED,0,0,ILLUMINA,Illumina NovaSeq 6000,SRP349249,PRJNA786222,,786222,SRS11223455,SAMN23637332,simple,410658,soil metagenome,T52b,,,,,,,no,,,,,MARS WRIGLEY,SRA1338726,,public,11B9E7E69E6B5A5612DA7906C9FF3A17,69286F42696343E156FD2C359DFE351F
SRR17130688,2022-12-31 00:19:58,2021-12-04 15:23:13,37441,18795382,37441,502,10,,https://sra-downloadb.be-md.ncbi.nlm.nih.gov/sos1/sra-pub-zq-38/SRR017/17130/SRR17130688/SRR17130688.lite.1,SRX13315315,CAC162A_16S,AMPLICON,unspecified,METAGENOMIC,PAIRED,0,0,ILLUMINA,Illumina MiSeq,SRP349249,PRJNA786222,,786222,SRS11223501,SAMN23637233,simple,410658,soil metagenome,T53a,,,,,,,no,,,,,MARS WRIGLEY,SRA1338726,,public,B2A996A4BEB7A0D09123CBAFAE37A8FC,F62BDDBA27391E73C4B47212C041B558
SRR17130732,2022-12-31 00:19:57,2021-12-04 15:21:31,137212,61195855,137212,445,18,,https://sra-downloadb.be-md.ncbi.nlm.nih.gov/sos8/sra-pub-zq-818/SRR017/17130/SRR17130732/SRR17130732.lite.1,SRX13315271,T53_ITS,AMPLICON,unspecified,METAGENOMIC,PAIRED,0,0,ILLUMINA,Illumina NovaSeq 6000,SRP349249,PRJNA786222,,786222,SRS11223457,SAMN23637333,simple,410658,soil metagenome,T53b,,,,,,,no,,,,,MARS WRIGLEY,SRA1338726,,public,8E405C24280B1993736281E48408F1C4,717399EFD103DB7BE32EBDFC95BD0742
SRR17130687,2022-12-31 00:19:58,2021-12-04 15:22:51,21869,10978238,21869,502,6,,https://sra-downloadb.be-md.ncbi.nlm.nih.gov/sos8/sra-pub-zq-818/SRR017/17130/SRR17130687/SRR17130687.lite.1,SRX13315316,CAC163A_16S,AMPLICON,unspecified,METAGENOMIC,PAIRED,0,0,ILLUMINA,Illumina MiSeq,SRP349249,PRJNA786222,,786222,SRS11223502,SAMN23637234,simple,410658,soil metagenome,T54a,,,,,,,no,,,,,MARS WRIGLEY,SRA1338726,,public,5069AF5A1878619AA161FBD2670D93DE,2512CE437211268176A538F7369F7226
SRR17130731,2022-12-31 00:19:57,2021-12-04 15:21:30,148532,66244405,148532,445,19,,https://sra-downloadb.be-md.ncbi.nlm.nih.gov/sos8/sra-pub-zq-818/SRR017/17130/SRR17130731/SRR17130731.lite.1,SRX13315272,T54_ITS,AMPLICON,unspecified,METAGENOMIC,PAIRED,0,0,ILLUMINA,Illumina NovaSeq 6000,SRP349249,PRJNA786222,,786222,SRS11223458,SAMN23637334,simple,410658,soil metagenome,T54b,,,,,,,no,,,,,MARS WRIGLEY,SRA1338726,,public,270FF5DEE9481DAE69F715516813AB1A,CB0609004966A24B067706A96C954570
SRR17130686,2022-12-31 00:19:58,2021-12-04 15:23:39,25588,12845176,25588,502,7,,https://sra-downloadb.be-md.ncbi.nlm.nih.gov/sos8/sra-pub-zq-818/SRR017/17130/SRR17130686/SRR17130686.lite.1,SRX13315317,CAC166A_16S,AMPLICON,unspecified,METAGENOMIC,PAIRED,0,0,ILLUMINA,Illumina MiSeq,SRP349249,PRJNA786222,,786222,SRS11223503,SAMN23637235,simple,410658,soil metagenome,T55a,,,,,,,no,,,,,MARS WRIGLEY,SRA1338726,,public,89FCA1C585EFC1E01F0FE3582AE47531,FB1400F6605CA047DD17C885D950423B
SRR17130730,2022-12-31 00:19:57,2021-12-04 15:21:17,140658,62732825,140658,445,18,,https://sra-downloadb.be-md.ncbi.nlm.nih.gov/sos8/sra-pub-zq-818/SRR017/17130/SRR17130730/SRR17130730.lite.1,SRX13315273,T55_ITS,AMPLICON,unspecified,METAGENOMIC,PAIRED,0,0,ILLUMINA,Illumina NovaSeq 6000,SRP349249,PRJNA786222,,786222,SRS11223459,SAMN23637335,simple,410658,soil metagenome,T55b,,,,,,,no,,,,,MARS WRIGLEY,SRA1338726,,public,D6E8B0B73CF09CEBA14304E95D8F97F9,63DD43D582FA288D2781A8EC4AD6EB5F
SRR17130685,2022-12-31 00:19:58,2021-12-04 15:22:24,36380,18262760,36380,502,10,,https://sra-downloadb.be-md.ncbi.nlm.nih.gov/sos1/sra-pub-zq-38/SRR017/17130/SRR17130685/SRR17130685.lite.1,SRX13315318,CAC168A_16S,AMPLICON,unspecified,METAGENOMIC,PAIRED,0,0,ILLUMINA,Illumina MiSeq,SRP349249,PRJNA786222,,786222,SRS11223504,SAMN23637236,simple,410658,soil metagenome,T56a,,,,,,,no,,,,,MARS WRIGLEY,SRA1338726,,public,C41727FD96BFD7FE456DE18AFCA75F17,2A4FDC170671280747ED0638ECBE56B3
SRR17130729,2022-12-31 00:19:57,2021-12-04 15:21:18,159240,71020155,159240,445,21,,https://sra-downloadb.be-md.ncbi.nlm.nih.gov/sos8/sra-pub-zq-820/SRR017/17130/SRR17130729/SRR17130729.lite.1,SRX13315274,T56_ITS,AMPLICON,unspecified,METAGENOMIC,PAIRED,0,0,ILLUMINA,Illumina NovaSeq 6000,SRP349249,PRJNA786222,,786222,SRS11223460,SAMN23637336,simple,410658,soil metagenome,T56b,,,,,,,no,,,,,MARS WRIGLEY,SRA1338726,,public,FAAFDBCBEE695E0FB60D173BE6C8C91B,9067B6746256C686B13192659D4E9ED0
SRR17130684,2022-12-31 00:19:58,2021-12-04 15:22:21,22411,11250322,22411,502,6,,https://sra-downloadb.be-md.ncbi.nlm.nih.gov/sos8/sra-pub-zq-818/SRR017/17130/SRR17130684/SRR17130684.lite.1,SRX13315319,CAC170A_16S,AMPLICON,unspecified,METAGENOMIC,PAIRED,0,0,ILLUMINA,Illumina MiSeq,SRP349249,PRJNA786222,,786222,SRS11223505,SAMN23637237,simple,410658,soil metagenome,T57a,,,,,,,no,,,,,MARS WRIGLEY,SRA1338726,,public,1F0B2D60BE87465CF169F6E0301ACCBA,E0B675B774D807FC790C939B703F5E26
SRR17130728,2022-12-31 00:19:57,2021-12-04 15:21:21,150795,67253862,150795,445,19,,https://sra-downloadb.be-md.ncbi.nlm.nih.gov/sos8/sra-pub-zq-818/SRR017/17130/SRR17130728/SRR17130728.lite.1,SRX13315275,T57_ITS,AMPLICON,unspecified,METAGENOMIC,PAIRED,0,0,ILLUMINA,Illumina NovaSeq 6000,SRP349249,PRJNA786222,,786222,SRS11223461,SAMN23637337,simple,410658,soil metagenome,T57b,,,,,,,no,,,,,MARS WRIGLEY,SRA1338726,,public,F0BE347DEF62A5FB21EA58C1EEAC8D87,A28C3D85952413EB1ECC0C13B9CBBB25
SRR17130683,2022-12-31 00:19:58,2021-12-04 15:22:32,25313,12707126,25313,502,7,,https://sra-downloadb.be-md.ncbi.nlm.nih.gov/sos8/sra-pub-zq-818/SRR017/17130/SRR17130683/SRR17130683.lite.1,SRX13315320,CAC172A_16S,AMPLICON,unspecified,METAGENOMIC,PAIRED,0,0,ILLUMINA,Illumina MiSeq,SRP349249,PRJNA786222,,786222,SRS11223506,SAMN23637238,simple,410658,soil metagenome,T58a,,,,,,,no,,,,,MARS WRIGLEY,SRA1338726,,public,486DA8A3EECEAF66EF9DF9523D5FC4C8,DFC65051AED8F179E65C86513EDFABE3
SRR17130727,2022-12-31 00:19:57,2021-12-04 15:21:20,131908,58830423,131908,445,17,,https://sra-downloadb.be-md.ncbi.nlm.nih.gov/sos8/sra-pub-zq-818/SRR017/17130/SRR17130727/SRR17130727.lite.1,SRX13315276,T58_ITS,AMPLICON,unspecified,METAGENOMIC,PAIRED,0,0,ILLUMINA,Illumina NovaSeq 6000,SRP349249,PRJNA786222,,786222,SRS11223462,SAMN23637338,simple,410658,soil metagenome,T58b,,,,,,,no,,,,,MARS WRIGLEY,SRA1338726,,public,E3E99EC190FC789D3342E80556A0093D,BF29BAA6C6EFF85E62158725FC6B8040
SRR17130682,2022-12-31 00:19:58,2021-12-04 15:22:01,18644,9359288,18644,502,5,,https://sra-downloadb.be-md.ncbi.nlm.nih.gov/sos8/sra-pub-zq-818/SRR017/17130/SRR17130682/SRR17130682.lite.1,SRX13315321,CAC176A_16S,AMPLICON,unspecified,METAGENOMIC,PAIRED,0,0,ILLUMINA,Illumina MiSeq,SRP349249,PRJNA786222,,786222,SRS11223507,SAMN23637239,simple,410658,soil metagenome,T59a,,,,,,,no,,,,,MARS WRIGLEY,SRA1338726,,public,4513A02EF3025A3748A3A23C503A59F8,3AE6578970B9DC30EA99F547DE2CC9AF
SRR17130726,2022-12-31 00:19:57,2021-12-04 15:21:22,145478,64882608,145478,445,19,,https://sra-downloadb.be-md.ncbi.nlm.nih.gov/sos8/sra-pub-zq-818/SRR017/17130/SRR17130726/SRR17130726.lite.1,SRX13315277,T59_ITS,AMPLICON,unspecified,METAGENOMIC,PAIRED,0,0,ILLUMINA,Illumina NovaSeq 6000,SRP349249,PRJNA786222,,786222,SRS11223463,SAMN23637339,simple,410658,soil metagenome,T59b,,,,,,,no,,,,,MARS WRIGLEY,SRA1338726,,public,D15EF3BFD2470917ADC62F4CB6602F53,4B8D715C4E446D9607EE4B366C5F94C1
SRR17130689,2022-12-31 00:19:58,2021-12-04 15:22:58,18079,9075658,18079,502,5,,https://sra-downloadb.be-md.ncbi.nlm.nih.gov/sos8/sra-pub-zq-818/SRR017/17130/SRR17130689/SRR17130689.lite.1,SRX13315314,CAC18A_16S,AMPLICON,unspecified,METAGENOMIC,PAIRED,0,0,ILLUMINA,Illumina MiSeq,SRP349249,PRJNA786222,,786222,SRS11223500,SAMN23637185,simple,410658,soil metagenome,T5a,,,,,,,no,,,,,MARS WRIGLEY,SRA1338726,,public,49A407BA54B16615089472ECA870D4DC,F6D4BF6EE05CFE4AA41A0EAA2782E01E
SRR17130681,2022-12-31 00:19:58,2021-12-04 15:21:45,18682,9378364,18682,502,5,,https://sra-downloadb.be-md.ncbi.nlm.nih.gov/sos8/sra-pub-zq-818/SRR017/17130/SRR17130681/SRR17130681.lite.1,SRX13315322,CAC181A_16S,AMPLICON,unspecified,METAGENOMIC,PAIRED,0,0,ILLUMINA,Illumina MiSeq,SRP349249,PRJNA786222,,786222,SRS11223508,SAMN23637240,simple,410658,soil metagenome,T60a,,,,,,,no,,,,,MARS WRIGLEY,SRA1338726,,public,FAF091B3FBF097535D3C0A4ADD4AA27A,7CA9657B91C74427FD8F5DEE4F722CB1
SRR17130725,2022-12-31 00:19:57,2021-12-04 15:21:18,157573,70276865,157573,445,20,,https://sra-downloadb.be-md.ncbi.nlm.nih.gov/sos1/sra-pub-zq-38/SRR017/17130/SRR17130725/SRR17130725.lite.1,SRX13315278,T60_ITS,AMPLICON,unspecified,METAGENOMIC,PAIRED,0,0,ILLUMINA,Illumina NovaSeq 6000,SRP349249,PRJNA786222,,786222,SRS11223464,SAMN23637340,simple,410658,soil metagenome,T60b,,,,,,,no,,,,,MARS WRIGLEY,SRA1338726,,public,A6106CC9661434794E24A6F1D84C1BB3,C6566BE94354EE207F5556D2E1742D02
SRR17130680,2022-12-31 00:19:58,2021-12-04 15:21:44,33571,16852642,33571,502,9,,https://sra-downloadb.be-md.ncbi.nlm.nih.gov/sos1/sra-pub-zq-38/SRR017/17130/SRR17130680/SRR17130680.lite.1,SRX13315323,CAC188A_16S,AMPLICON,unspecified,METAGENOMIC,PAIRED,0,0,ILLUMINA,Illumina MiSeq,SRP349249,PRJNA786222,,786222,SRS11223509,SAMN23637241,simple,410658,soil metagenome,T61a,,,,,,,no,,,,,MARS WRIGLEY,SRA1338726,,public,C04DD74E8B576E9B5B270EE82218D721,82586B4562EA9DBEA1217421A72368D6
SRR17130724,2022-12-31 00:19:57,2021-12-04 15:21:22,164336,73292638,164336,445,21,,https://sra-downloadb.be-md.ncbi.nlm.nih.gov/sos8/sra-pub-zq-818/SRR017/17130/SRR17130724/SRR17130724.lite.1,SRX13315279,T61_ITS,AMPLICON,unspecified,METAGENOMIC,PAIRED,0,0,ILLUMINA,Illumina NovaSeq 6000,SRP349249,PRJNA786222,,786222,SRS11223465,SAMN23637341,simple,410658,soil metagenome,T61b,,,,,,,no,,,,,MARS WRIGLEY,SRA1338726,,public,DB0B40AD6E676406FD20B034022222D4,C0B818A76ADDC390EFD038F96A476952
SRR17130723,2022-12-31 00:19:57,2021-12-04 15:21:21,119096,53116119,119096,445,14,,https://sra-downloadb.be-md.ncbi.nlm.nih.gov/sos8/sra-pub-zq-818/SRR017/17130/SRR17130723/SRR17130723.lite.1,SRX13315280,T62_ITS,AMPLICON,unspecified,METAGENOMIC,PAIRED,0,0,ILLUMINA,Illumina NovaSeq 6000,SRP349249,PRJNA786222,,786222,SRS11223467,SAMN23637342,simple,410658,soil metagenome,T62b,,,,,,,no,,,,,MARS WRIGLEY,SRA1338726,,public,19E0354D2C21021293F5DD6C5BE9FA23,C2C3F1AD53CADB7B9F0F78982667A558
SRR17130721,2022-12-31 00:19:57,2021-12-04 15:21:24,165599,73856064,165599,445,22,,https://sra-downloadb.be-md.ncbi.nlm.nih.gov/sos8/sra-pub-zq-818/SRR017/17130/SRR17130721/SRR17130721.lite.1,SRX13315282,T63_ITS,AMPLICON,unspecified,METAGENOMIC,PAIRED,0,0,ILLUMINA,Illumina NovaSeq 6000,SRP349249,PRJNA786222,,786222,SRS11223468,SAMN23637343,simple,410658,soil metagenome,T63b,,,,,,,no,,,,,MARS WRIGLEY,SRA1338726,,public,F074343E3A9FBED593ECFD92B7A23F4A,1293C0180235A37F16C86333BC3547B6
SRR17130720,2022-12-31 00:19:57,2021-12-04 15:21:21,136158,60725761,136158,445,18,,https://sra-downloadb.be-md.ncbi.nlm.nih.gov/sos9/sra-pub-zq-922/SRR017/17130/SRR17130720/SRR17130720.lite.1,SRX13315283,T64_ITS,AMPLICON,unspecified,METAGENOMIC,PAIRED,0,0,ILLUMINA,Illumina NovaSeq 6000,SRP349249,PRJNA786222,,786222,SRS11223469,SAMN23637344,simple,410658,soil metagenome,T64b,,,,,,,no,,,,,MARS WRIGLEY,SRA1338726,,public,161FDB768C29AF059CC8A67FDE5D42DF,94B9E4D7E032132651242162B4598BEF
SRR17130719,2022-12-31 00:19:58,2021-12-04 15:21:20,135432,60401853,135432,445,18,,https://sra-downloadb.be-md.ncbi.nlm.nih.gov/sos8/sra-pub-zq-818/SRR017/17130/SRR17130719/SRR17130719.lite.1,SRX13315284,T65_ITS,AMPLICON,unspecified,METAGENOMIC,PAIRED,0,0,ILLUMINA,Illumina NovaSeq 6000,SRP349249,PRJNA786222,,786222,SRS11223470,SAMN23637345,simple,410658,soil metagenome,T65b,,,,,,,no,,,,,MARS WRIGLEY,SRA1338726,,public,68BCC8605C8D90C10C4DC8F62C7B1507,B8B9049D956B9B296E44CEF5F48440F7
SRR17130718,2022-12-31 00:19:58,2021-12-04 15:21:17,145562,64919646,145562,445,18,,https://sra-downloadb.be-md.ncbi.nlm.nih.gov/sos8/sra-pub-zq-818/SRR017/17130/SRR17130718/SRR17130718.lite.1,SRX13315285,T66_ITS,AMPLICON,unspecified,METAGENOMIC,PAIRED,0,0,ILLUMINA,Illumina NovaSeq 6000,SRP349249,PRJNA786222,,786222,SRS11223471,SAMN23637346,simple,410658,soil metagenome,T66b,,,,,,,no,,,,,MARS WRIGLEY,SRA1338726,,public,75EDABB148CEF4FE73915371FCCA9A5D,05D295733D47E22FDB694978C7CA6E12
SRR17130717,2022-12-31 00:19:58,2021-12-04 15:21:15,137526,61336157,137526,445,17,,https://sra-downloadb.be-md.ncbi.nlm.nih.gov/sos8/sra-pub-zq-820/SRR017/17130/SRR17130717/SRR17130717.lite.1,SRX13315286,T67_ITS,AMPLICON,unspecified,METAGENOMIC,PAIRED,0,0,ILLUMINA,Illumina NovaSeq 6000,SRP349249,PRJNA786222,,786222,SRS11223472,SAMN23637347,simple,410658,soil metagenome,T67b,,,,,,,no,,,,,MARS WRIGLEY,SRA1338726,,public,935A36301EC9AB7E3B59E2A7C52DB497,7585F58981B5BB6DBA31D621D63BCE59
SRR17130716,2022-12-31 00:19:58,2021-12-04 15:21:21,150825,67267422,150825,445,19,,https://sra-downloadb.be-md.ncbi.nlm.nih.gov/sos8/sra-pub-zq-818/SRR017/17130/SRR17130716/SRR17130716.lite.1,SRX13315287,T68_ITS,AMPLICON,unspecified,METAGENOMIC,PAIRED,0,0,ILLUMINA,Illumina NovaSeq 6000,SRP349249,PRJNA786222,,786222,SRS11223473,SAMN23637348,simple,410658,soil metagenome,T68b,,,,,,,no,,,,,MARS WRIGLEY,SRA1338726,,public,72B52741CEC11D55189532F6813CF9B2,3599FB7FB29C7464E31D379D6D8F39C8
SRR17130715,2022-12-31 00:19:58,2021-12-04 15:21:21,155834,69501463,155834,445,20,,https://sra-downloadb.be-md.ncbi.nlm.nih.gov/sos1/sra-pub-zq-38/SRR017/17130/SRR17130715/SRR17130715.lite.1,SRX13315288,T69_ITS,AMPLICON,unspecified,METAGENOMIC,PAIRED,0,0,ILLUMINA,Illumina NovaSeq 6000,SRP349249,PRJNA786222,,786222,SRS11223474,SAMN23637349,simple,410658,soil metagenome,T69b,,,,,,,no,,,,,MARS WRIGLEY,SRA1338726,,public,C6C24B1B6BAB8F186874600A9BE9303C,F11A0C336A1D9D81A1913F13119E28F8
SRR17130714,2022-12-31 00:19:58,2021-12-04 15:21:21,147041,65579834,147041,445,19,,https://sra-downloadb.be-md.ncbi.nlm.nih.gov/sos8/sra-pub-zq-818/SRR017/17130/SRR17130714/SRR17130714.lite.1,SRX13315289,T70_ITS,AMPLICON,unspecified,METAGENOMIC,PAIRED,0,0,ILLUMINA,Illumina NovaSeq 6000,SRP349249,PRJNA786222,,786222,SRS11223475,SAMN23637350,simple,410658,soil metagenome,T70b,,,,,,,no,,,,,MARS WRIGLEY,SRA1338726,,public,1C1BD785CB20E6A745322BB20E3AC6AB,82BEBC461B39C4C55B7B6855F4019258
SRR17130713,2022-12-31 00:19:58,2021-12-04 15:21:24,148760,66346579,148760,445,19,,https://sra-downloadb.be-md.ncbi.nlm.nih.gov/sos8/sra-pub-zq-818/SRR017/17130/SRR17130713/SRR17130713.lite.1,SRX13315290,T71_ITS,AMPLICON,unspecified,METAGENOMIC,PAIRED,0,0,ILLUMINA,Illumina NovaSeq 6000,SRP349249,PRJNA786222,,786222,SRS11223476,SAMN23637351,simple,410658,soil metagenome,T71b,,,,,,,no,,,,,MARS WRIGLEY,SRA1338726,,public,784ABEA5ECC83BB47B7E69DE97F2C277,8DC0E0C320699FB5FFD661842EF560AC
SRR17130712,2022-12-31 00:19:58,2021-12-04 15:21:22,146647,65404115,146647,445,19,,https://sra-downloadb.be-md.ncbi.nlm.nih.gov/sos8/sra-pub-zq-818/SRR017/17130/SRR17130712/SRR17130712.lite.1,SRX13315291,T72_ITS,AMPLICON,unspecified,METAGENOMIC,PAIRED,0,0,ILLUMINA,Illumina NovaSeq 6000,SRP349249,PRJNA786222,,786222,SRS11223477,SAMN23637352,simple,410658,soil metagenome,T72b,,,,,,,no,,,,,MARS WRIGLEY,SRA1338726,,public,887EEA18FCB12DCB559E1F5865B1AE95,7409C75CED8D8A9959843FC3AEC92908
SRR17130776,2022-12-31 00:19:57,2021-12-04 15:22:52,12267,6158034,12267,502,3,,https://sra-downloadb.be-md.ncbi.nlm.nih.gov/sos1/sra-pub-zq-38/SRR017/17130/SRR17130776/SRR17130776.lite.1,SRX13315227,CAC41A_16S,AMPLICON,unspecified,METAGENOMIC,PAIRED,0,0,ILLUMINA,Illumina MiSeq,SRP349249,PRJNA786222,,786222,SRS11223413,SAMN23637194,simple,410658,soil metagenome,T14a,,,,,,,no,,,,,MARS WRIGLEY,SRA1338726,,public,4A03FC4A1ACE6D02FBB4D449F5F10C7B,5C15A03222C8EA6EF51CFB7596CE3D53
SRR17130779,2022-12-31 00:19:57,2021-12-04 15:22:03,140581,62698596,140581,445,18,,https://sra-downloadb.be-md.ncbi.nlm.nih.gov/sos1/sra-pub-zq-38/SRR017/17130/SRR17130779/SRR17130779.lite.1,SRX13315224,T40_ITS,AMPLICON,unspecified,METAGENOMIC,PAIRED,0,0,ILLUMINA,Illumina NovaSeq 6000,SRP349249,PRJNA786222,,786222,SRS11223410,SAMN23637320,simple,410658,soil metagenome,T40b,,,,,,,no,,,,,MARS WRIGLEY,SRA1338726,,public,7F6CA14D3B98C29679FD730134C4723E,13D460C5FC984A73E5F441B78712CFC4
SRR17130778,2022-12-31 00:19:57,2021-12-04 15:21:59,138361,61708328,138361,445,18,,https://sra-downloadb.be-md.ncbi.nlm.nih.gov/sos1/sra-pub-zq-38/SRR017/17130/SRR17130778/SRR17130778.lite.1,SRX13315225,T41_ITS,AMPLICON,unspecified,METAGENOMIC,PAIRED,0,0,ILLUMINA,Illumina NovaSeq 6000,SRP349249,PRJNA786222,,786222,SRS11223411,SAMN23637321,simple,410658,soil metagenome,T41b,,,,,,,no,,,,,MARS WRIGLEY,SRA1338726,,public,3E81D47E80F4D07CCBE1B7A76293172C,F2E1CE756492761028093F1B0190146F
SRR17130777,2022-12-31 00:19:57,2021-12-04 15:22:14,140083,62476372,140083,445,18,,https://sra-downloadb.be-md.ncbi.nlm.nih.gov/sos8/sra-pub-zq-818/SRR017/17130/SRR17130777/SRR17130777.lite.1,SRX13315226,T42_ITS,AMPLICON,unspecified,METAGENOMIC,PAIRED,0,0,ILLUMINA,Illumina NovaSeq 6000,SRP349249,PRJNA786222,,786222,SRS11223412,SAMN23637322,simple,410658,soil metagenome,T42b,,,,,,,no,,,,,MARS WRIGLEY,SRA1338726,,public,84ED6A21F5522B3AA9DACAE222E72642,D8F5863F7C985F8D42044CB19BFA1D56
SRR17130743,2022-12-31 00:19:57,2021-12-04 15:22:02,154529,68919363,154529,445,20,,https://sra-downloadb.be-md.ncbi.nlm.nih.gov/sos8/sra-pub-zq-818/SRR017/17130/SRR17130743/SRR17130743.lite.1,SRX13315260,T43_ITS,AMPLICON,unspecified,METAGENOMIC,PAIRED,0,0,ILLUMINA,Illumina NovaSeq 6000,SRP349249,PRJNA786222,,786222,SRS11223446,SAMN23637323,simple,410658,soil metagenome,T43b,,,,,,,no,,,,,MARS WRIGLEY,SRA1338726,,public,5286A31F051749E9BC7735129CD58D0A,3AFDACAF52211F362784E2DCBB5C3B76
SRR17130742,2022-12-31 00:19:57,2021-12-04 15:21:59,136587,60917162,136587,445,18,,https://sra-downloadb.be-md.ncbi.nlm.nih.gov/sos8/sra-pub-zq-818/SRR017/17130/SRR17130742/SRR17130742.lite.1,SRX13315261,T44_ITS,AMPLICON,unspecified,METAGENOMIC,PAIRED,0,0,ILLUMINA,Illumina NovaSeq 6000,SRP349249,PRJNA786222,,786222,SRS11223447,SAMN23637324,simple,410658,soil metagenome,T44b,,,,,,,no,,,,,MARS WRIGLEY,SRA1338726,,public,975E032DDBAEE1FFA48DF67DE8D5180E,F3F65AE3198016FFC9B9E19C1727B708
SRR17130741,2022-12-31 00:19:57,2021-12-04 15:22:01,168074,74960395,168074,445,22,,https://sra-downloadb.be-md.ncbi.nlm.nih.gov/sos8/sra-pub-zq-818/SRR017/17130/SRR17130741/SRR17130741.lite.1,SRX13315262,T45_ITS,AMPLICON,unspecified,METAGENOMIC,PAIRED,0,0,ILLUMINA,Illumina NovaSeq 6000,SRP349249,PRJNA786222,,786222,SRS11223448,SAMN23637325,simple,410658,soil metagenome,T45b,,,,,,,no,,,,,MARS WRIGLEY,SRA1338726,,public,4E3142D8EE3C917D3ACEB24095B73270,2F4E4C6FED43B09AA9C209FEB751AC21
SRR17130740,2022-12-31 00:19:57,2021-12-04 15:21:58,136918,61064993,136918,445,18,,https://sra-downloadb.be-md.ncbi.nlm.nih.gov/sos8/sra-pub-zq-818/SRR017/17130/SRR17130740/SRR17130740.lite.1,SRX13315263,T46_ITS,AMPLICON,unspecified,METAGENOMIC,PAIRED,0,0,ILLUMINA,Illumina NovaSeq 6000,SRP349249,PRJNA786222,,786222,SRS11223449,SAMN23637326,simple,410658,soil metagenome,T46b,,,,,,,no,,,,,MARS WRIGLEY,SRA1338726,,public,F204CD6AA9CE89BAE8B583F6C7F068A8,DBB309649428D23CFEA7290480929A68
SRR17130775,2022-12-31 00:19:57,2021-12-04 15:23:00,34958,17548916,34958,502,9,,https://sra-downloadb.be-md.ncbi.nlm.nih.gov/sos8/sra-pub-zq-818/SRR017/17130/SRR17130775/SRR17130775.lite.1,SRX13315228,CAC196A_16S,AMPLICON,unspecified,METAGENOMIC,PAIRED,0,0,ILLUMINA,Illumina MiSeq,SRP349249,PRJNA786222,,786222,SRS11223414,SAMN23637242,simple,410658,soil metagenome,T62a,,,,,,,no,,,,,MARS WRIGLEY,SRA1338726,,public,AC03B4162266BA4D79732F63726DAA41,7D890380C3BECC8AADF12E6DB6EED148
SRR17130773,2022-12-31 00:19:57,2021-12-04 15:22:59,35212,17676424,35212,502,9,,https://sra-downloadb.be-md.ncbi.nlm.nih.gov/sos8/sra-pub-zq-818/SRR017/17130/SRR17130773/SRR17130773.lite.1,SRX13315230,CAC200A_16S,AMPLICON,unspecified,METAGENOMIC,PAIRED,0,0,ILLUMINA,Illumina MiSeq,SRP349249,PRJNA786222,,786222,SRS11223416,SAMN23637243,simple,410658,soil metagenome,T63a,,,,,,,no,,,,,MARS WRIGLEY,SRA1338726,,public,D7AD964101AE41851930C74F5537BC41,30D1E954E74BD8FF9CA5A905A6A90D80
SRR17130772,2022-12-31 00:19:57,2021-12-04 15:23:13,32828,16479656,32828,502,9,,https://sra-downloadb.be-md.ncbi.nlm.nih.gov/sos8/sra-pub-zq-818/SRR017/17130/SRR17130772/SRR17130772.lite.1,SRX13315231,CAC205A_16S,AMPLICON,unspecified,METAGENOMIC,PAIRED,0,0,ILLUMINA,Illumina MiSeq,SRP349249,PRJNA786222,,786222,SRS11223417,SAMN23637244,simple,410658,soil metagenome,T64a,,,,,,,no,,,,,MARS WRIGLEY,SRA1338726,,public,F484FDFA88FCB7BB47D6A8D24864D270,88627F0A547E0D547A3B2D36FE1B7284
SRR17130771,2022-12-31 00:19:57,2021-12-04 15:23:01,25489,12795478,25489,502,7,,https://sra-downloadb.be-md.ncbi.nlm.nih.gov/sos8/sra-pub-zq-820/SRR017/17130/SRR17130771/SRR17130771.lite.1,SRX13315232,CAC206A_16S,AMPLICON,unspecified,METAGENOMIC,PAIRED,0,0,ILLUMINA,Illumina MiSeq,SRP349249,PRJNA786222,,786222,SRS11223418,SAMN23637245,simple,410658,soil metagenome,T65a,,,,,,,no,,,,,MARS WRIGLEY,SRA1338726,,public,95EB5B1CBE286D9A68A30181723B5493,15DD4CFE0E8B1DA3F3610917FFC339CD
SRR17130770,2022-12-31 00:19:57,2021-12-04 15:23:02,27957,14034414,27957,502,7,,https://sra-downloadb.be-md.ncbi.nlm.nih.gov/sos8/sra-pub-zq-820/SRR017/17130/SRR17130770/SRR17130770.lite.1,SRX13315233,CAC209A_16S,AMPLICON,unspecified,METAGENOMIC,PAIRED,0,0,ILLUMINA,Illumina MiSeq,SRP349249,PRJNA786222,,786222,SRS11223419,SAMN23637246,simple,410658,soil metagenome,T66a,,,,,,,no,,,,,MARS WRIGLEY,SRA1338726,,public,63D7CFF4939FB2760CF1975B34096CEF,5EC8DEFAC6FE823F7595AFA5C6DFB4D0
SRR17130769,2022-12-31 00:19:57,2021-12-04 15:23:13,30868,15495736,30868,502,8,,https://sra-downloadb.be-md.ncbi.nlm.nih.gov/sos8/sra-pub-zq-818/SRR017/17130/SRR17130769/SRR17130769.lite.1,SRX13315234,CAC211A_16S,AMPLICON,unspecified,METAGENOMIC,PAIRED,0,0,ILLUMINA,Illumina MiSeq,SRP349249,PRJNA786222,,786222,SRS11223420,SAMN23637247,simple,410658,soil metagenome,T67a,,,,,,,no,,,,,MARS WRIGLEY,SRA1338726,,public,08C1FE2CB5AE65BB5C139353B033F930,AAB49C7E97FF6DF0A130E7AE1FFC3215
SRR17130768,2022-12-31 00:19:57,2021-12-04 15:23:02,30537,15329574,30537,502,8,,https://sra-downloadb.be-md.ncbi.nlm.nih.gov/sos8/sra-pub-zq-820/SRR017/17130/SRR17130768/SRR17130768.lite.1,SRX13315235,CAC213A_16S,AMPLICON,unspecified,METAGENOMIC,PAIRED,0,0,ILLUMINA,Illumina MiSeq,SRP349249,PRJNA786222,,786222,SRS11223421,SAMN23637248,simple,410658,soil metagenome,T68a,,,,,,,no,,,,,MARS WRIGLEY,SRA1338726,,public,99713E0AC161214F6A64D410EE82A5A1,1ED3FB32CB415251F445E430CC314269
SRR17130767,2022-12-31 00:19:57,2021-12-04 15:23:01,19959,10019418,19959,502,5,,https://sra-downloadb.be-md.ncbi.nlm.nih.gov/sos8/sra-pub-zq-818/SRR017/17130/SRR17130767/SRR17130767.lite.1,SRX13315236,CAC215A_16S,AMPLICON,unspecified,METAGENOMIC,PAIRED,0,0,ILLUMINA,Illumina MiSeq,SRP349249,PRJNA786222,,786222,SRS11223422,SAMN23637249,simple,410658,soil metagenome,T69a,,,,,,,no,,,,,MARS WRIGLEY,SRA1338726,,public,05FBE05A737D648F955B8E9BC16DE0BD,AF5E0F73145DF346E012BBA82D12B816
SRR17130774,2022-12-31 00:19:57,2021-12-04 15:22:55,17591,8830682,17591,502,4,,https://sra-downloadb.be-md.ncbi.nlm.nih.gov/sos8/sra-pub-zq-818/SRR017/17130/SRR17130774/SRR17130774.lite.1,SRX13315229,CAC22A_16S,AMPLICON,unspecified,METAGENOMIC,PAIRED,0,0,ILLUMINA,Illumina MiSeq,SRP349249,PRJNA786222,,786222,SRS11223415,SAMN23637186,simple,410658,soil metagenome,T6a,,,,,,,no,,,,,MARS WRIGLEY,SRA1338726,,public,B7D354A660263465F0941A46D7F4826B,045337EE1747B974D8F09C56D751F3F5
SRR17130766,2022-12-31 00:19:57,2021-12-04 15:23:13,28699,14406898,28699,502,8,,https://sra-downloadb.be-md.ncbi.nlm.nih.gov/sos8/sra-pub-zq-818/SRR017/17130/SRR17130766/SRR17130766.lite.1,SRX13315237,CAC218A_16S,AMPLICON,unspecified,METAGENOMIC,PAIRED,0,0,ILLUMINA,Illumina MiSeq,SRP349249,PRJNA786222,,786222,SRS11223423,SAMN23637250,simple,410658,soil metagenome,T70a,,,,,,,no,,,,,MARS WRIGLEY,SRA1338726,,public,506BBCBB1965DCFCA938384A70D640FE,B19C9E24E4D434B2C958F3EF98563615
SRR17130765,2022-12-31 00:19:57,2021-12-04 15:23:13,36643,18394786,36643,502,10,,https://sra-downloadb.be-md.ncbi.nlm.nih.gov/sos8/sra-pub-zq-818/SRR017/17130/SRR17130765/SRR17130765.lite.1,SRX13315238,CAC221A_16S,AMPLICON,unspecified,METAGENOMIC,PAIRED,0,0,ILLUMINA,Illumina MiSeq,SRP349249,PRJNA786222,,786222,SRS11223424,SAMN23637251,simple,410658,soil metagenome,T71a,,,,,,,no,,,,,MARS WRIGLEY,SRA1338726,,public,0C6E1DD32208E1A940646CC87499ADA8,44B6A8FF372C1B99F9CB5116A2D67AFA
SRR17130764,2022-12-31 00:19:57,2021-12-04 15:23:00,28126,14119252,28126,502,7,,https://sra-downloadb.be-md.ncbi.nlm.nih.gov/sos1/sra-pub-zq-38/SRR017/17130/SRR17130764/SRR17130764.lite.1,SRX13315239,CAC223A_16S,AMPLICON,unspecified,METAGENOMIC,PAIRED,0,0,ILLUMINA,Illumina MiSeq,SRP349249,PRJNA786222,,786222,SRS11223425,SAMN23637252,simple,410658,soil metagenome,T72a,,,,,,,no,,,,,MARS WRIGLEY,SRA1338726,,public,3474B7A56A1FD92E7D4A56A1A5D2EB31,2AA091A58D02DB51D80BD2CFADA19D22
SRR17130762,2022-12-31 00:19:57,2021-12-04 15:22:59,28720,14417440,28720,502,8,,https://sra-downloadb.be-md.ncbi.nlm.nih.gov/sos8/sra-pub-zq-818/SRR017/17130/SRR17130762/SRR17130762.lite.1,SRX13315241,CAC225A_16S,AMPLICON,unspecified,METAGENOMIC,PAIRED,0,0,ILLUMINA,Illumina MiSeq,SRP349249,PRJNA786222,,786222,SRS11223427,SAMN23637253,simple,410658,soil metagenome,T73a,,,,,,,no,,,,,MARS WRIGLEY,SRA1338726,,public,89E438F657A390EC63D07DC6538395CC,8EA38551CD69DD4340F48774E3A11337
SRR17130761,2022-12-31 00:19:57,2021-12-04 15:22:50,9434,4735868,9434,502,2,,https://sra-downloadb.be-md.ncbi.nlm.nih.gov/sos8/sra-pub-zq-818/SRR017/17130/SRR17130761/SRR17130761.lite.1,SRX13315242,CAC227A_16S,AMPLICON,unspecified,METAGENOMIC,PAIRED,0,0,ILLUMINA,Illumina MiSeq,SRP349249,PRJNA786222,,786222,SRS11223429,SAMN23637254,simple,410658,soil metagenome,T74a,,,,,,,no,,,,,MARS WRIGLEY,SRA1338726,,public,3C9EA44E9DA6482BE37E3799C184D6A7,0C8DE130D538D94181F5B58D6E788C14
SRR17130760,2022-12-31 00:19:57,2021-12-04 15:23:12,24204,12150408,24204,502,6,,https://sra-downloadb.be-md.ncbi.nlm.nih.gov/sos8/sra-pub-zq-818/SRR017/17130/SRR17130760/SRR17130760.lite.1,SRX13315243,CAC231A_16S,AMPLICON,unspecified,METAGENOMIC,PAIRED,0,0,ILLUMINA,Illumina MiSeq,SRP349249,PRJNA786222,,786222,SRS11223428,SAMN23637255,simple,410658,soil metagenome,T75a,,,,,,,no,,,,,MARS WRIGLEY,SRA1338726,,public,1AC2F893E7D3E06C2598DC73B8E17746,13C695BBF2E2EDE63D9137A47D5797FC
SRR17130759,2022-12-31 00:19:57,2021-12-04 15:23:13,51641,25923782,51641,502,14,,https://sra-downloadb.be-md.ncbi.nlm.nih.gov/sos1/sra-pub-zq-38/SRR017/17130/SRR17130759/SRR17130759.lite.1,SRX13315244,CAC239A_16S,AMPLICON,unspecified,METAGENOMIC,PAIRED,0,0,ILLUMINA,Illumina MiSeq,SRP349249,PRJNA786222,,786222,SRS11223430,SAMN23637256,simple,410658,soil metagenome,T76a,,,,,,,no,,,,,MARS WRIGLEY,SRA1338726,,public,1A3CC29C9691EA88D77150F2FFF5F3BE,7D88F59B7362356A2DDCF21EFC93EDF6
SRR17130758,2022-12-31 00:19:57,2021-12-04 15:23:02,28690,14402380,28690,502,8,,https://sra-downloadb.be-md.ncbi.nlm.nih.gov/sos1/sra-pub-zq-38/SRR017/17130/SRR17130758/SRR17130758.lite.1,SRX13315245,CAC243A_16S,AMPLICON,unspecified,METAGENOMIC,PAIRED,0,0,ILLUMINA,Illumina MiSeq,SRP349249,PRJNA786222,,786222,SRS11223432,SAMN23637257,simple,410658,soil metagenome,T77a,,,,,,,no,,,,,MARS WRIGLEY,SRA1338726,,public,5118301D4031D42FC14767281558DC5F,20C5107017DEDE41BD356BF37654F714
SRR17130757,2022-12-31 00:19:57,2021-12-04 15:23:13,39261,19709022,39261,502,11,,https://sra-downloadb.be-md.ncbi.nlm.nih.gov/sos8/sra-pub-zq-818/SRR017/17130/SRR17130757/SRR17130757.lite.1,SRX13315246,CAC244A_16S,AMPLICON,unspecified,METAGENOMIC,PAIRED,0,0,ILLUMINA,Illumina MiSeq,SRP349249,PRJNA786222,,786222,SRS11223431,SAMN23637258,simple,410658,soil metagenome,T78a,,,,,,,no,,,,,MARS WRIGLEY,SRA1338726,,public,614FD0AD287E9754129757F13123905A,F59DAB8C4F3B6B6DA49354871B288F84
SRR17130756,2022-12-31 00:19:57,2021-12-04 15:23:12,29193,14654886,29193,502,8,,https://sra-downloadb.be-md.ncbi.nlm.nih.gov/sos8/sra-pub-zq-818/SRR017/17130/SRR17130756/SRR17130756.lite.1,SRX13315247,CAC247A_16S,AMPLICON,unspecified,METAGENOMIC,PAIRED,0,0,ILLUMINA,Illumina MiSeq,SRP349249,PRJNA786222,,786222,SRS11223433,SAMN23637259,simple,410658,soil metagenome,T79a,,,,,,,no,,,,,MARS WRIGLEY,SRA1338726,,public,90681E669D9684E35AE835522BE48042,085DA30D829FCCD1ED08D56D3A1D0207
SRR17130763,2022-12-31 00:19:57,2021-12-04 15:23:00,17225,8646950,17225,502,4,,https://sra-downloadb.be-md.ncbi.nlm.nih.gov/sos8/sra-pub-zq-818/SRR017/17130/SRR17130763/SRR17130763.lite.1,SRX13315240,CAC28A_16S,AMPLICON,unspecified,METAGENOMIC,PAIRED,0,0,ILLUMINA,Illumina MiSeq,SRP349249,PRJNA786222,,786222,SRS11223426,SAMN23637187,simple,410658,soil metagenome,T7a,,,,,,,no,,,,,MARS WRIGLEY,SRA1338726,,public,1E679DE5EDB4CF6D6C0DFAAA78CCDD63,3A24DE9B45D34E2AD8961195A4EC31D6
SRR17130755,2022-12-31 00:19:57,2021-12-04 15:23:03,39928,20043856,39928,502,11,,https://sra-downloadb.be-md.ncbi.nlm.nih.gov/sos8/sra-pub-zq-818/SRR017/17130/SRR17130755/SRR17130755.lite.1,SRX13315248,CAC250A_16S,AMPLICON,unspecified,METAGENOMIC,PAIRED,0,0,ILLUMINA,Illumina MiSeq,SRP349249,PRJNA786222,,786222,SRS11223434,SAMN23637260,simple,410658,soil metagenome,T80a,,,,,,,no,,,,,MARS WRIGLEY,SRA1338726,,public,7B1896A0CF2C5DE60C341AB9DBDF0239,D63CE38CA79EA5874EC4BCD1516FD7D2
SRR17130754,2022-12-31 00:19:57,2021-12-04 15:23:12,37323,18736146,37323,502,10,,https://sra-downloadb.be-md.ncbi.nlm.nih.gov/sos1/sra-pub-zq-38/SRR017/17130/SRR17130754/SRR17130754.lite.1,SRX13315249,C-01A_16S,AMPLICON,unspecified,METAGENOMIC,PAIRED,0,0,ILLUMINA,Illumina MiSeq,SRP349249,PRJNA786222,,786222,SRS11223435,SAMN23637261,simple,410658,soil metagenome,T81a,,,,,,,no,,,,,MARS WRIGLEY,SRA1338726,,public,119B5AEE3EBB10351D5A29B81F4ADCBA,E6ECCFF7570F926AE46BF3BB1F50D105
SRR17130753,2022-12-31 00:19:57,2021-12-04 15:23:11,30254,15187508,30254,502,8,,https://sra-downloadb.be-md.ncbi.nlm.nih.gov/sos8/sra-pub-zq-818/SRR017/17130/SRR17130753/SRR17130753.lite.1,SRX13315250,C-02A_16S,AMPLICON,unspecified,METAGENOMIC,PAIRED,0,0,ILLUMINA,Illumina MiSeq,SRP349249,PRJNA786222,,786222,SRS11223437,SAMN23637262,simple,410658,soil metagenome,T82a,,,,,,,no,,,,,MARS WRIGLEY,SRA1338726,,public,B38F984333A3164013B7CE465FA34111,7797F4EBA67B4C3E11F5FC4FE570A6A9
SRR17130751,2022-12-31 00:19:57,2021-12-04 15:23:02,32224,16176448,32224,502,9,,https://sra-downloadb.be-md.ncbi.nlm.nih.gov/sos8/sra-pub-zq-818/SRR017/17130/SRR17130751/SRR17130751.lite.1,SRX13315252,C-03A_16S,AMPLICON,unspecified,METAGENOMIC,PAIRED,0,0,ILLUMINA,Illumina MiSeq,SRP349249,PRJNA786222,,786222,SRS11223438,SAMN23637263,simple,410658,soil metagenome,T83a,,,,,,,no,,,,,MARS WRIGLEY,SRA1338726,,public,8A08620D120ABD7C20853912AE7E529A,B1AF8CD70FBA8BD7BB52C7E0BE8F3ED6
SRR17130750,2022-12-31 00:19:57,2021-12-04 15:23:01,29591,14854682,29591,502,8,,https://sra-downloadb.be-md.ncbi.nlm.nih.gov/sos8/sra-pub-zq-818/SRR017/17130/SRR17130750/SRR17130750.lite.1,SRX13315253,C-04A_16S,AMPLICON,unspecified,METAGENOMIC,PAIRED,0,0,ILLUMINA,Illumina MiSeq,SRP349249,PRJNA786222,,786222,SRS11223439,SAMN23637264,simple,410658,soil metagenome,T84a,,,,,,,no,,,,,MARS WRIGLEY,SRA1338726,,public,89E6A9C49500478F931CE7764C2CB494,EEB754ADFE7FF57525B2CE8B5DC95F75
SRR17130749,2022-12-31 00:19:57,2021-12-04 15:23:02,42188,21178376,42188,502,11,,https://sra-downloadb.be-md.ncbi.nlm.nih.gov/sos8/sra-pub-zq-818/SRR017/17130/SRR17130749/SRR17130749.lite.1,SRX13315254,C-05A_16S,AMPLICON,unspecified,METAGENOMIC,PAIRED,0,0,ILLUMINA,Illumina MiSeq,SRP349249,PRJNA786222,,786222,SRS11223440,SAMN23637265,simple,410658,soil metagenome,T85a,,,,,,,no,,,,,MARS WRIGLEY,SRA1338726,,public,2A87148ACC120C5D86D5DEFF3C64992E,3BCBA9C7E1A386D0DFADF2527864B371
SRR17130748,2022-12-31 00:19:57,2021-12-04 15:23:01,41552,20859104,41552,502,11,,https://sra-downloadb.be-md.ncbi.nlm.nih.gov/sos8/sra-pub-zq-818/SRR017/17130/SRR17130748/SRR17130748.lite.1,SRX13315255,C-06A_16S,AMPLICON,unspecified,METAGENOMIC,PAIRED,0,0,ILLUMINA,Illumina MiSeq,SRP349249,PRJNA786222,,786222,SRS11223441,SAMN23637266,simple,410658,soil metagenome,T86a,,,,,,,no,,,,,MARS WRIGLEY,SRA1338726,,public,86863F3F37084575B78FFA99E8608B32,F699FB1216F03BC858B4A9FCB9DF2180
SRR17130747,2022-12-31 00:19:57,2021-12-04 15:23:12,36358,18251716,36358,502,10,,https://sra-downloadb.be-md.ncbi.nlm.nih.gov/sos8/sra-pub-zq-820/SRR017/17130/SRR17130747/SRR17130747.lite.1,SRX13315256,C-07A_16S,AMPLICON,unspecified,METAGENOMIC,PAIRED,0,0,ILLUMINA,Illumina MiSeq,SRP349249,PRJNA786222,,786222,SRS11223442,SAMN23637267,simple,410658,soil metagenome,T87a,,,,,,,no,,,,,MARS WRIGLEY,SRA1338726,,public,70E770BFED8726982D35D9132B74689A,327DC6F6A15C687BF6A7055DF6A1C615
SRR17130746,2022-12-31 00:19:57,2021-12-04 15:23:02,40330,20245660,40330,502,11,,https://sra-downloadb.be-md.ncbi.nlm.nih.gov/sos8/sra-pub-zq-818/SRR017/17130/SRR17130746/SRR17130746.lite.1,SRX13315257,C-08A_16S,AMPLICON,unspecified,METAGENOMIC,PAIRED,0,0,ILLUMINA,Illumina MiSeq,SRP349249,PRJNA786222,,786222,SRS11223443,SAMN23637268,simple,410658,soil metagenome,T88a,,,,,,,no,,,,,MARS WRIGLEY,SRA1338726,,public,87E66367C3AF1507068CD1158B55BC45,F16EC0919A41B105ABDA2A4FBFA8EE0A
SRR17130745,2022-12-31 00:19:57,2021-12-04 15:22:51,18225,9148950,18225,502,5,,https://sra-downloadb.be-md.ncbi.nlm.nih.gov/sos1/sra-pub-zq-38/SRR017/17130/SRR17130745/SRR17130745.lite.1,SRX13315258,C-09A_16S,AMPLICON,unspecified,METAGENOMIC,PAIRED,0,0,ILLUMINA,Illumina MiSeq,SRP349249,PRJNA786222,,786222,SRS11223444,SAMN23637269,simple,410658,soil metagenome,T89a,,,,,,,no,,,,,MARS WRIGLEY,SRA1338726,,public,E58E975F3F448E784FB07C70A7093368,B1EF41EA1A5BD0632CF2DB6F9BC3F226
SRR17130752,2022-12-31 00:19:57,2021-12-04 15:22:45,4672,2345344,4672,502,1,,https://sra-downloadb.be-md.ncbi.nlm.nih.gov/sos8/sra-pub-zq-818/SRR017/17130/SRR17130752/SRR17130752.lite.1,SRX13315251,CAC31A_16S,AMPLICON,unspecified,METAGENOMIC,PAIRED,0,0,ILLUMINA,Illumina MiSeq,SRP349249,PRJNA786222,,786222,SRS11223436,SAMN23637188,simple,410658,soil metagenome,T8a,,,,,,,no,,,,,MARS WRIGLEY,SRA1338726,,public,CFB901DC4FB1C0083DBB0C405547C480,6078F67E7561949013FB9D5F6EF54BCC
SRR17130744,2022-12-31 00:19:57,2021-12-04 15:23:13,32404,16266808,32404,502,9,,https://sra-downloadb.be-md.ncbi.nlm.nih.gov/sos8/sra-pub-zq-818/SRR017/17130/SRR17130744/SRR17130744.lite.1,SRX13315259,C-10A_16S,AMPLICON,unspecified,METAGENOMIC,PAIRED,0,0,ILLUMINA,Illumina MiSeq,SRP349249,PRJNA786222,,786222,SRS11223445,SAMN23637270,simple,410658,soil metagenome,T90a,,,,,,,no,,,,,MARS WRIGLEY,SRA1338726,,public,304BF5B4A7F1C5BB30DA5883D9F637A6,6F02766B724841B56E3EA9479DF0CF88
SRR17130821,2022-12-31 00:19:56,2021-12-04 15:23:14,83998,42166996,83998,502,24,,https://sra-downloadb.be-md.ncbi.nlm.nih.gov/sos1/sra-pub-zq-38/SRR017/17130/SRR17130821/SRR17130821.lite.1,SRX13315182,C-20A_16S,AMPLICON,unspecified,METAGENOMIC,PAIRED,0,0,ILLUMINA,Illumina MiSeq,SRP349249,PRJNA786222,,786222,SRS11223368,SAMN23637280,simple,410658,soil metagenome,T100a,,,,,,,no,,,,,MARS WRIGLEY,SRA1338726,,public,90422D3DD6421C2BDC605C0FA35FAC9E,B62512A65F742F5DF4E558A9956C39FD
SRR17130833,2022-12-31 00:19:56,2021-12-04 15:22:59,135141,60272272,135141,445,18,,https://sra-downloadb.be-md.ncbi.nlm.nih.gov/sos8/sra-pub-zq-818/SRR017/17130/SRR17130833/SRR17130833.lite.1,SRX13315170,T100_ITS,AMPLICON,unspecified,METAGENOMIC,PAIRED,0,0,ILLUMINA,Illumina NovaSeq 6000,SRP349249,PRJNA786222,,786222,SRS11223356,SAMN23637380,simple,410658,soil metagenome,T100b,,,,,,,no,,,,,MARS WRIGLEY,SRA1338726,,public,706304AA4B098372482EFC0506F45056,A2E30923804D3BF9649ED882F913A1F7
SRR17130818,2022-12-31 00:19:56,2021-12-04 15:22:53,11414,5729828,11414,502,3,,https://sra-downloadb.be-md.ncbi.nlm.nih.gov/sos8/sra-pub-zq-818/SRR017/17130/SRR17130818/SRR17130818.lite.1,SRX13315185,CAC34A_16S,AMPLICON,unspecified,METAGENOMIC,PAIRED,0,0,ILLUMINA,Illumina MiSeq,SRP349249,PRJNA786222,,786222,SRS11223371,SAMN23637190,simple,410658,soil metagenome,T10a,,,,,,,no,,,,,MARS WRIGLEY,SRA1338726,,public,A763D1ACC4AED7A6AB4CEF73AB3C1C31,FD9748F60357F9E783E6F6222DD8B6C7
SRR17130810,2022-12-31 00:19:56,2021-12-04 15:22:58,163119,72750062,163119,445,21,,https://sra-downloadb.be-md.ncbi.nlm.nih.gov/sos8/sra-pub-zq-818/SRR017/17130/SRR17130810/SRR17130810.lite.1,SRX13315193,T10_ITS,AMPLICON,unspecified,METAGENOMIC,PAIRED,0,0,ILLUMINA,Illumina NovaSeq 6000,SRP349249,PRJNA786222,,786222,SRS11223379,SAMN23637290,simple,410658,soil metagenome,T10b,,,,,,,no,,,,,MARS WRIGLEY,SRA1338726,,public,8879C449D528100592641ACB9CABF4F2,3F926423B73CD1A71EE243ED6C7091DF
SRR17130809,2022-12-31 00:19:56,2021-12-04 15:22:56,146846,65492463,146846,445,19,,https://sra-downloadb.be-md.ncbi.nlm.nih.gov/sos8/sra-pub-zq-818/SRR017/17130/SRR17130809/SRR17130809.lite.1,SRX13315194,T11_ITS,AMPLICON,unspecified,METAGENOMIC,PAIRED,0,0,ILLUMINA,Illumina NovaSeq 6000,SRP349249,PRJNA786222,,786222,SRS11223380,SAMN23637291,simple,410658,soil metagenome,T11b,,,,,,,no,,,,,MARS WRIGLEY,SRA1338726,,public,D54F4CE34CE6A4660B33E8004562C9CA,45ED52AB7961FEE64BD49A6935CD1114
SRR17130798,2022-12-31 00:19:57,2021-12-04 15:23:01,21276,10680552,21276,502,6,,https://sra-downloadb.be-md.ncbi.nlm.nih.gov/sos8/sra-pub-zq-818/SRR017/17130/SRR17130798/SRR17130798.lite.1,SRX13315205,CAC37A_16S,AMPLICON,unspecified,METAGENOMIC,PAIRED,0,0,ILLUMINA,Illumina MiSeq,SRP349249,PRJNA786222,,786222,SRS11223391,SAMN23637192,simple,410658,soil metagenome,T12a,,,,,,,no,,,,,MARS WRIGLEY,SRA1338726,,public,7E22B7FA642F483F0E5846E812D42DB5,1BB1B9867EF612CB8445A3FC1B8F39A1
SRR17130808,2022-12-31 00:19:56,2021-12-04 15:22:57,163901,73098791,163901,445,21,,https://sra-downloadb.be-md.ncbi.nlm.nih.gov/sos1/sra-pub-zq-38/SRR017/17130/SRR17130808/SRR17130808.lite.1,SRX13315195,T12_ITS,AMPLICON,unspecified,METAGENOMIC,PAIRED,0,0,ILLUMINA,Illumina NovaSeq 6000,SRP349249,PRJNA786222,,786222,SRS11223381,SAMN23637292,simple,410658,soil metagenome,T12b,,,,,,,no,,,,,MARS WRIGLEY,SRA1338726,,public,3AB7547DEB68DBE56422E8B29B340067,1E5CFE1D5A665A5E50EC8AB1F35C010D
SRR17130787,2022-12-31 00:19:57,2021-12-04 15:22:53,10818,5430636,10818,502,3,,https://sra-downloadb.be-md.ncbi.nlm.nih.gov/sos1/sra-pub-zq-38/SRR017/17130/SRR17130787/SRR17130787.lite.1,SRX13315216,CAC39A_16S,AMPLICON,unspecified,METAGENOMIC,PAIRED,0,0,ILLUMINA,Illumina MiSeq,SRP349249,PRJNA786222,,786222,SRS11223402,SAMN23637193,simple,410658,soil metagenome,T13a,,,,,,,no,,,,,MARS WRIGLEY,SRA1338726,,public,48147141F0DBC7AE55C1F34C8982D15B,A4849E860DA2A3536E5BE4249BBCCC6C
SRR17130807,2022-12-31 00:19:56,2021-12-04 15:22:55,144077,64257411,144077,445,19,,https://sra-downloadb.be-md.ncbi.nlm.nih.gov/sos8/sra-pub-zq-818/SRR017/17130/SRR17130807/SRR17130807.lite.1,SRX13315196,T14_ITS,AMPLICON,unspecified,METAGENOMIC,PAIRED,0,0,ILLUMINA,Illumina NovaSeq 6000,SRP349249,PRJNA786222,,786222,SRS11223382,SAMN23637294,simple,410658,soil metagenome,T14b,,,,,,,no,,,,,MARS WRIGLEY,SRA1338726,,public,BB6FCF238D74406091690D617AE10795,E84B39C7CE0B3C1636B3653A066B2694
SRR17130806,2022-12-31 00:19:56,2021-12-04 15:22:41,157098,70064598,157098,445,20,,https://sra-downloadb.be-md.ncbi.nlm.nih.gov/sos8/sra-pub-zq-818/SRR017/17130/SRR17130806/SRR17130806.lite.1,SRX13315197,T15_ITS,AMPLICON,unspecified,METAGENOMIC,PAIRED,0,0,ILLUMINA,Illumina NovaSeq 6000,SRP349249,PRJNA786222,,786222,SRS11223383,SAMN23637295,simple,410658,soil metagenome,T15b,,,,,,,no,,,,,MARS WRIGLEY,SRA1338726,,public,69EAFEBAA995137E7519FE4EA237A062,57DCA2290304C4DFD65A34493E4CFF50
SRR17130805,2022-12-31 00:19:56,2021-12-04 15:22:32,162093,72292512,162093,445,21,,https://sra-downloadb.be-md.ncbi.nlm.nih.gov/sos1/sra-pub-zq-38/SRR017/17130/SRR17130805/SRR17130805.lite.1,SRX13315198,T16_ITS,AMPLICON,unspecified,METAGENOMIC,PAIRED,0,0,ILLUMINA,Illumina NovaSeq 6000,SRP349249,PRJNA786222,,786222,SRS11223384,SAMN23637296,simple,410658,soil metagenome,T16b,,,,,,,no,,,,,MARS WRIGLEY,SRA1338726,,public,94DEB441A749FD1CF0D441F06F56B383,6332FAAB2BDAEF440A9B40CFFB5B4E73
SRR17130804,2022-12-31 00:19:56,2021-12-04 15:22:40,151474,67556599,151474,445,20,,https://sra-downloadb.be-md.ncbi.nlm.nih.gov/sos8/sra-pub-zq-818/SRR017/17130/SRR17130804/SRR17130804.lite.1,SRX13315199,T17_ITS,AMPLICON,unspecified,METAGENOMIC,PAIRED,0,0,ILLUMINA,Illumina NovaSeq 6000,SRP349249,PRJNA786222,,786222,SRS11223385,SAMN23637297,simple,410658,soil metagenome,T17b,,,,,,,no,,,,,MARS WRIGLEY,SRA1338726,,public,644A3BF8B1E2909720DE76BA0939463B,08BC522AE05A1D61D225FD8596F25CA0
SRR17130803,2022-12-31 00:19:56,2021-12-04 15:22:39,169097,75416737,169097,445,22,,https://sra-downloadb.be-md.ncbi.nlm.nih.gov/sos8/sra-pub-zq-818/SRR017/17130/SRR17130803/SRR17130803.lite.1,SRX13315200,T18_ITS,AMPLICON,unspecified,METAGENOMIC,PAIRED,0,0,ILLUMINA,Illumina NovaSeq 6000,SRP349249,PRJNA786222,,786222,SRS11223386,SAMN23637298,simple,410658,soil metagenome,T18b,,,,,,,no,,,,,MARS WRIGLEY,SRA1338726,,public,DDD61B349DA4F781B43D10590364234D,80202DF5F0F476EB8C6B402A5B01E0DB
SRR17130802,2022-12-31 00:19:56,2021-12-04 15:22:38,137323,61245505,137323,445,17,,https://sra-downloadb.be-md.ncbi.nlm.nih.gov/sos8/sra-pub-zq-820/SRR017/17130/SRR17130802/SRR17130802.lite.1,SRX13315201,T19_ITS,AMPLICON,unspecified,METAGENOMIC,PAIRED,0,0,ILLUMINA,Illumina NovaSeq 6000,SRP349249,PRJNA786222,,786222,SRS11223387,SAMN23637299,simple,410658,soil metagenome,T19b,,,,,,,no,,,,,MARS WRIGLEY,SRA1338726,,public,1D63A7061361757494D9E7C5A6DDDE63,E52C5D418D9B924742717A8084A146AD
SRR17130820,2022-12-31 00:19:56,2021-12-04 15:22:58,162984,72690069,162984,445,21,,https://sra-downloadb.be-md.ncbi.nlm.nih.gov/sos1/sra-pub-zq-38/SRR017/17130/SRR17130820/SRR17130820.lite.1,SRX13315183,T1_ITS,AMPLICON,unspecified,METAGENOMIC,PAIRED,0,0,ILLUMINA,Illumina NovaSeq 6000,SRP349249,PRJNA786222,,786222,SRS11223369,SAMN23637281,simple,410658,soil metagenome,T1b,,,,,,,no,,,,,MARS WRIGLEY,SRA1338726,,public,708DA2DA841D2564C53335CA09A08EB1,75E8144FD653AD4C948E595440E637A7
SRR17130832,2022-12-31 00:19:56,2021-12-04 15:22:54,19214,9645428,19214,502,5,,https://sra-downloadb.be-md.ncbi.nlm.nih.gov/sos8/sra-pub-zq-818/SRR017/17130/SRR17130832/SRR17130832.lite.1,SRX13315171,CAC57A_16S,AMPLICON,unspecified,METAGENOMIC,PAIRED,0,0,ILLUMINA,Illumina MiSeq,SRP349249,PRJNA786222,,786222,SRS11223357,SAMN23637200,simple,410658,soil metagenome,T20a,,,,,,,no,,,,,MARS WRIGLEY,SRA1338726,,public,109CCD4A5E9E077BE20F15C9CA0833B2,23CE1F6AD995636625691320B3B22FB6
SRR17130801,2022-12-31 00:19:56,2021-12-04 15:22:36,140606,62709854,140606,445,18,,https://sra-downloadb.be-md.ncbi.nlm.nih.gov/sos8/sra-pub-zq-818/SRR017/17130/SRR17130801/SRR17130801.lite.1,SRX13315202,T20_ITS,AMPLICON,unspecified,METAGENOMIC,PAIRED,0,0,ILLUMINA,Illumina NovaSeq 6000,SRP349249,PRJNA786222,,786222,SRS11223388,SAMN23637300,simple,410658,soil metagenome,T20b,,,,,,,no,,,,,MARS WRIGLEY,SRA1338726,,public,135F892F63283598043E37A953C0882A,9DBFEB331C84F4307C9DE1C5A48F4341
SRR17130800,2022-12-31 00:19:56,2021-12-04 15:22:25,163098,72741055,163098,445,21,,https://sra-downloadb.be-md.ncbi.nlm.nih.gov/sos8/sra-pub-zq-818/SRR017/17130/SRR17130800/SRR17130800.lite.1,SRX13315203,T21_ITS,AMPLICON,unspecified,METAGENOMIC,PAIRED,0,0,ILLUMINA,Illumina NovaSeq 6000,SRP349249,PRJNA786222,,786222,SRS11223389,SAMN23637301,simple,410658,soil metagenome,T21b,,,,,,,no,,,,,MARS WRIGLEY,SRA1338726,,public,B1193D7583E04704EF497499942C5A99,49DC9A56A160F4CAA1B5482446CAF104
SRR17130799,2022-12-31 00:19:57,2021-12-04 15:22:29,141110,62934172,141110,445,18,,https://sra-downloadb.be-md.ncbi.nlm.nih.gov/sos8/sra-pub-zq-818/SRR017/17130/SRR17130799/SRR17130799.lite.1,SRX13315204,T22_ITS,AMPLICON,unspecified,METAGENOMIC,PAIRED,0,0,ILLUMINA,Illumina NovaSeq 6000,SRP349249,PRJNA786222,,786222,SRS11223390,SAMN23637302,simple,410658,soil metagenome,T22b,,,,,,,no,,,,,MARS WRIGLEY,SRA1338726,,public,424602E1C9C739D22FC1FE8D014FF40E,BE6C2D98666E0C1BE4D138A9F4E92699
SRR17130797,2022-12-31 00:19:57,2021-12-04 15:22:28,137180,61181745,137180,445,18,,https://sra-downloadb.be-md.ncbi.nlm.nih.gov/sos8/sra-pub-zq-818/SRR017/17130/SRR17130797/SRR17130797.lite.1,SRX13315206,T23_ITS,AMPLICON,unspecified,METAGENOMIC,PAIRED,0,0,ILLUMINA,Illumina NovaSeq 6000,SRP349249,PRJNA786222,,786222,SRS11223392,SAMN23637303,simple,410658,soil metagenome,T23b,,,,,,,no,,,,,MARS WRIGLEY,SRA1338726,,public,F72AB201E665C00B68F811DA2688E27F,19E779CC63006E9BF47E5F33E65F76F2
SRR17130796,2022-12-31 00:19:57,2021-12-04 15:22:31,132108,58919553,132108,445,17,,https://sra-downloadb.be-md.ncbi.nlm.nih.gov/sos8/sra-pub-zq-820/SRR017/17130/SRR17130796/SRR17130796.lite.1,SRX13315207,T24_ITS,AMPLICON,unspecified,METAGENOMIC,PAIRED,0,0,ILLUMINA,Illumina NovaSeq 6000,SRP349249,PRJNA786222,,786222,SRS11223393,SAMN23637304,simple,410658,soil metagenome,T24b,,,,,,,no,,,,,MARS WRIGLEY,SRA1338726,,public,C0AF3CB37A2C60EB043BEC15BA655BE3,EA5634021D32D845DEB0F9ABB4B89404
SRR17130795,2022-12-31 00:19:57,2021-12-04 15:22:31,166524,74269114,166524,445,22,,https://sra-downloadb.be-md.ncbi.nlm.nih.gov/sos1/sra-pub-zq-38/SRR017/17130/SRR17130795/SRR17130795.lite.1,SRX13315208,T25_ITS,AMPLICON,unspecified,METAGENOMIC,PAIRED,0,0,ILLUMINA,Illumina NovaSeq 6000,SRP349249,PRJNA786222,,786222,SRS11223394,SAMN23637305,simple,410658,soil metagenome,T25b,,,,,,,no,,,,,MARS WRIGLEY,SRA1338726,,public,FB581C4FE9A19CBEAFA9321400E70938,F9AD285673D677ED533F662F5226E35E
SRR17130794,2022-12-31 00:19:57,2021-12-04 15:22:23,160356,71518116,160356,445,21,,https://sra-downloadb.be-md.ncbi.nlm.nih.gov/sos1/sra-pub-zq-38/SRR017/17130/SRR17130794/SRR17130794.lite.1,SRX13315209,T26_ITS,AMPLICON,unspecified,METAGENOMIC,PAIRED,0,0,ILLUMINA,Illumina NovaSeq 6000,SRP349249,PRJNA786222,,786222,SRS11223395,SAMN23637306,simple,410658,soil metagenome,T26b,,,,,,,no,,,,,MARS WRIGLEY,SRA1338726,,public,EFC9441A102515EC8867827707543CD1,B870B46651A88114BDFFC8ECD9B25D37
SRR17130793,2022-12-31 00:19:57,2021-12-04 15:22:26,160693,71668188,160693,445,21,,https://sra-downloadb.be-md.ncbi.nlm.nih.gov/sos1/sra-pub-zq-38/SRR017/17130/SRR17130793/SRR17130793.lite.1,SRX13315210,T27_ITS,AMPLICON,unspecified,METAGENOMIC,PAIRED,0,0,ILLUMINA,Illumina NovaSeq 6000,SRP349249,PRJNA786222,,786222,SRS11223396,SAMN23637307,simple,410658,soil metagenome,T27b,,,,,,,no,,,,,MARS WRIGLEY,SRA1338726,,public,F95197EF7093D5CFC91C4055C3F6592C,3311D7AB8C75E4A7000833CF8048A9EE
SRR17130792,2022-12-31 00:19:57,2021-12-04 15:22:23,139093,62034813,139093,445,18,,https://sra-downloadb.be-md.ncbi.nlm.nih.gov/sos8/sra-pub-zq-818/SRR017/17130/SRR17130792/SRR17130792.lite.1,SRX13315211,T28_ITS,AMPLICON,unspecified,METAGENOMIC,PAIRED,0,0,ILLUMINA,Illumina NovaSeq 6000,SRP349249,PRJNA786222,,786222,SRS11223397,SAMN23637308,simple,410658,soil metagenome,T28b,,,,,,,no,,,,,MARS WRIGLEY,SRA1338726,,public,842885EB463BE450785CCC15290F97C3,E5DC310D4841FA57515DBAC7CA0EF333
SRR17130791,2022-12-31 00:19:57,2021-12-04 15:22:27,149213,66548193,149213,445,19,,https://sra-downloadb.be-md.ncbi.nlm.nih.gov/sos8/sra-pub-zq-818/SRR017/17130/SRR17130791/SRR17130791.lite.1,SRX13315212,T29_ITS,AMPLICON,unspecified,METAGENOMIC,PAIRED,0,0,ILLUMINA,Illumina NovaSeq 6000,SRP349249,PRJNA786222,,786222,SRS11223398,SAMN23637309,simple,410658,soil metagenome,T29b,,,,,,,no,,,,,MARS WRIGLEY,SRA1338726,,public,BBDB5F629050E2D10D0FEEFAA4DFF6BC,877B3B6DC8EA97D4BF275DA29F7970DA
SRR17130819,2022-12-31 00:19:56,2021-12-04 15:22:57,153412,68421218,153412,445,20,,https://sra-downloadb.be-md.ncbi.nlm.nih.gov/sos1/sra-pub-zq-38/SRR017/17130/SRR17130819/SRR17130819.lite.1,SRX13315184,T2_ITS,AMPLICON,unspecified,METAGENOMIC,PAIRED,0,0,ILLUMINA,Illumina NovaSeq 6000,SRP349249,PRJNA786222,,786222,SRS11223370,SAMN23637282,simple,410658,soil metagenome,T2b,,,,,,,no,,,,,MARS WRIGLEY,SRA1338726,,public,B728A9C68981F1493125029A780256F3,36B6108A7809DD7267AD24F8B5762B03
SRR17130790,2022-12-31 00:19:57,2021-12-04 15:22:01,138491,61766518,138491,445,18,,https://sra-downloadb.be-md.ncbi.nlm.nih.gov/sos8/sra-pub-zq-818/SRR017/17130/SRR17130790/SRR17130790.lite.1,SRX13315213,T30_ITS,AMPLICON,unspecified,METAGENOMIC,PAIRED,0,0,ILLUMINA,Illumina NovaSeq 6000,SRP349249,PRJNA786222,,786222,SRS11223399,SAMN23637310,simple,410658,soil metagenome,T30b,,,,,,,no,,,,,MARS WRIGLEY,SRA1338726,,public,C8E5D851165C98A7DBFF5B0B1FBF2790,11C1DDFC2E835D9D0CC80D4F1FA3D5CA
SRR17130789,2022-12-31 00:19:57,2021-12-04 15:22:30,165348,73744691,165348,445,22,,https://sra-downloadb.be-md.ncbi.nlm.nih.gov/sos8/sra-pub-zq-818/SRR017/17130/SRR17130789/SRR17130789.lite.1,SRX13315214,T31_ITS,AMPLICON,unspecified,METAGENOMIC,PAIRED,0,0,ILLUMINA,Illumina NovaSeq 6000,SRP349249,PRJNA786222,,786222,SRS11223400,SAMN23637311,simple,410658,soil metagenome,T31b,,,,,,,no,,,,,MARS WRIGLEY,SRA1338726,,public,C31EF4EC6E90D900E5F1D1EE688730FC,1FCBBE3587C8E02A486CB3839146E56A
SRR17130788,2022-12-31 00:19:57,2021-12-04 15:22:14,146622,65392829,146622,445,19,,https://sra-downloadb.be-md.ncbi.nlm.nih.gov/sos8/sra-pub-zq-818/SRR017/17130/SRR17130788/SRR17130788.lite.1,SRX13315215,T32_ITS,AMPLICON,unspecified,METAGENOMIC,PAIRED,0,0,ILLUMINA,Illumina NovaSeq 6000,SRP349249,PRJNA786222,,786222,SRS11223401,SAMN23637312,simple,410658,soil metagenome,T32b,,,,,,,no,,,,,MARS WRIGLEY,SRA1338726,,public,2484509FE79E989CEF546DE48B647340,4A9A870B9755B8A39CD8B09A11E8284A
SRR17130786,2022-12-31 00:19:57,2021-12-04 15:22:14,144145,64288228,144145,445,19,,https://sra-downloadb.be-md.ncbi.nlm.nih.gov/sos8/sra-pub-zq-818/SRR017/17130/SRR17130786/SRR17130786.lite.1,SRX13315217,T33_ITS,AMPLICON,unspecified,METAGENOMIC,PAIRED,0,0,ILLUMINA,Illumina NovaSeq 6000,SRP349249,PRJNA786222,,786222,SRS11223403,SAMN23637313,simple,410658,soil metagenome,T33b,,,,,,,no,,,,,MARS WRIGLEY,SRA1338726,,public,B26610CFC72D82F27E39D7B4AA86A32E,02CB3E906D619736F03A12430D701D98
SRR17130785,2022-12-31 00:19:57,2021-12-04 15:22:15,137340,61253289,137340,445,18,,https://sra-downloadb.be-md.ncbi.nlm.nih.gov/sos8/sra-pub-zq-820/SRR017/17130/SRR17130785/SRR17130785.lite.1,SRX13315218,T34_ITS,AMPLICON,unspecified,METAGENOMIC,PAIRED,0,0,ILLUMINA,Illumina NovaSeq 6000,SRP349249,PRJNA786222,,786222,SRS11223404,SAMN23637314,simple,410658,soil metagenome,T34b,,,,,,,no,,,,,MARS WRIGLEY,SRA1338726,,public,D89DD101E43F77E07EF9D1017D8E3060,4B14D92FC0BFC1A5BAC78188DE50D7B0
SRR17130784,2022-12-31 00:19:57,2021-12-04 15:22:13,152247,67901811,152247,445,20,,https://sra-downloadb.be-md.ncbi.nlm.nih.gov/sos8/sra-pub-zq-818/SRR017/17130/SRR17130784/SRR17130784.lite.1,SRX13315219,T35_ITS,AMPLICON,unspecified,METAGENOMIC,PAIRED,0,0,ILLUMINA,Illumina NovaSeq 6000,SRP349249,PRJNA786222,,786222,SRS11223405,SAMN23637315,simple,410658,soil metagenome,T35b,,,,,,,no,,,,,MARS WRIGLEY,SRA1338726,,public,E2765DB5F26452FFFDE9D5E4F72E7DE7,E9A7058E6610B4BC856E1C0DDF655D0F
SRR17130783,2022-12-31 00:19:57,2021-12-04 15:21:54,137364,61263925,137364,445,18,,https://sra-downloadb.be-md.ncbi.nlm.nih.gov/sos8/sra-pub-zq-818/SRR017/17130/SRR17130783/SRR17130783.lite.1,SRX13315220,T36_ITS,AMPLICON,unspecified,METAGENOMIC,PAIRED,0,0,ILLUMINA,Illumina NovaSeq 6000,SRP349249,PRJNA786222,,786222,SRS11223406,SAMN23637316,simple,410658,soil metagenome,T36b,,,,,,,no,,,,,MARS WRIGLEY,SRA1338726,,public,60DD7D34341518CF1F31198DB2B2A3E1,7C835D8675195A31AB96F19DDF4377DA
SRR17130782,2022-12-31 00:19:57,2021-12-04 15:22:03,157953,70446142,157953,445,20,,https://sra-downloadb.be-md.ncbi.nlm.nih.gov/sos8/sra-pub-zq-818/SRR017/17130/SRR17130782/SRR17130782.lite.1,SRX13315221,T37_ITS,AMPLICON,unspecified,METAGENOMIC,PAIRED,0,0,ILLUMINA,Illumina NovaSeq 6000,SRP349249,PRJNA786222,,786222,SRS11223407,SAMN23637317,simple,410658,soil metagenome,T37b,,,,,,,no,,,,,MARS WRIGLEY,SRA1338726,,public,F1DAE66858C689E18252756FA83FCBD2,8EEC5DBB8BC6C896DD5AD06817C7C4FB
SRR17130781,2022-12-31 00:19:57,2021-12-04 15:22:13,159309,71051130,159309,445,20,,https://sra-downloadb.be-md.ncbi.nlm.nih.gov/sos1/sra-pub-zq-38/SRR017/17130/SRR17130781/SRR17130781.lite.1,SRX13315222,T38_ITS,AMPLICON,unspecified,METAGENOMIC,PAIRED,0,0,ILLUMINA,Illumina NovaSeq 6000,SRP349249,PRJNA786222,,786222,SRS11223408,SAMN23637318,simple,410658,soil metagenome,T38b,,,,,,,no,,,,,MARS WRIGLEY,SRA1338726,,public,3EF049BE60E717D3DD253BBD4212452C,EF9A23659186D8271D129846792A8FC3
SRR17130780,2022-12-31 00:19:57,2021-12-04 15:22:13,158606,70737371,158606,445,21,,https://sra-downloadb.be-md.ncbi.nlm.nih.gov/sos8/sra-pub-zq-818/SRR017/17130/SRR17130780/SRR17130780.lite.1,SRX13315223,T39_ITS,AMPLICON,unspecified,METAGENOMIC,PAIRED,0,0,ILLUMINA,Illumina NovaSeq 6000,SRP349249,PRJNA786222,,786222,SRS11223409,SAMN23637319,simple,410658,soil metagenome,T39b,,,,,,,no,,,,,MARS WRIGLEY,SRA1338726,,public,B6FA47ED2EE1571B61020A6671055FE7,8C451FAC394B7871D14E7E12012798BF
SRR17130817,2022-12-31 00:19:56,2021-12-04 15:22:54,141703,63199020,141703,445,18,,https://sra-downloadb.be-md.ncbi.nlm.nih.gov/sos1/sra-pub-zq-38/SRR017/17130/SRR17130817/SRR17130817.lite.1,SRX13315186,T3_ITS,AMPLICON,unspecified,METAGENOMIC,PAIRED,0,0,ILLUMINA,Illumina NovaSeq 6000,SRP349249,PRJNA786222,,786222,SRS11223372,SAMN23637283,simple,410658,soil metagenome,T3b,,,,,,,no,,,,,MARS WRIGLEY,SRA1338726,,public,D247BAF2EE0C6B4B4CC0AF54359F2035,48CE43E380F4C00A72C66C479413A93A
SRR17130816,2022-12-31 00:19:56,2021-12-04 15:22:59,159036,70929633,159036,445,21,,https://sra-downloadb.be-md.ncbi.nlm.nih.gov/sos1/sra-pub-zq-38/SRR017/17130/SRR17130816/SRR17130816.lite.1,SRX13315187,T4_ITS,AMPLICON,unspecified,METAGENOMIC,PAIRED,0,0,ILLUMINA,Illumina NovaSeq 6000,SRP349249,PRJNA786222,,786222,SRS11223373,SAMN23637284,simple,410658,soil metagenome,T4b,,,,,,,no,,,,,MARS WRIGLEY,SRA1338726,,public,6127CB8E2EA27601EB7721FEBBE3F02A,940A49B545102650448F86F18527E386
SRR17130815,2022-12-31 00:19:56,2021-12-04 15:22:58,141375,63052749,141375,445,18,,https://sra-downloadb.be-md.ncbi.nlm.nih.gov/sos1/sra-pub-zq-38/SRR017/17130/SRR17130815/SRR17130815.lite.1,SRX13315188,T5_ITS,AMPLICON,unspecified,METAGENOMIC,PAIRED,0,0,ILLUMINA,Illumina NovaSeq 6000,SRP349249,PRJNA786222,,786222,SRS11223374,SAMN23637285,simple,410658,soil metagenome,T5b,,,,,,,no,,,,,MARS WRIGLEY,SRA1338726,,public,40BD89F80FEB10C452F9E88B4EDAA110,77BC3BB8928AD2973DF42AAF5CE5F910
SRR17130814,2022-12-31 00:19:56,2021-12-04 15:22:57,132580,59130013,132580,445,17,,https://sra-downloadb.be-md.ncbi.nlm.nih.gov/sos8/sra-pub-zq-818/SRR017/17130/SRR17130814/SRR17130814.lite.1,SRX13315189,T6_ITS,AMPLICON,unspecified,METAGENOMIC,PAIRED,0,0,ILLUMINA,Illumina NovaSeq 6000,SRP349249,PRJNA786222,,786222,SRS11223375,SAMN23637286,simple,410658,soil metagenome,T6b,,,,,,,no,,,,,MARS WRIGLEY,SRA1338726,,public,9777DCB2FDABA85C1797C4712FE1A82F,EB85687CB8359572797DEB58385254F6
SRR17130813,2022-12-31 00:19:56,2021-12-04 15:22:57,151051,67367758,151051,445,20,,https://sra-downloadb.be-md.ncbi.nlm.nih.gov/sos8/sra-pub-zq-818/SRR017/17130/SRR17130813/SRR17130813.lite.1,SRX13315190,T7_ITS,AMPLICON,unspecified,METAGENOMIC,PAIRED,0,0,ILLUMINA,Illumina NovaSeq 6000,SRP349249,PRJNA786222,,786222,SRS11223376,SAMN23637287,simple,410658,soil metagenome,T7b,,,,,,,no,,,,,MARS WRIGLEY,SRA1338726,,public,752B37A74B971F5210F81EFCEF68269F,E1B3D799D64114A3A993AEB36D21F5F0
SRR17130812,2022-12-31 00:19:56,2021-12-04 15:22:49,137056,61125882,137056,445,17,,https://sra-downloadb.be-md.ncbi.nlm.nih.gov/sos8/sra-pub-zq-818/SRR017/17130/SRR17130812/SRR17130812.lite.1,SRX13315191,T8_ITS,AMPLICON,unspecified,METAGENOMIC,PAIRED,0,0,ILLUMINA,Illumina NovaSeq 6000,SRP349249,PRJNA786222,,786222,SRS11223377,SAMN23637288,simple,410658,soil metagenome,T8b,,,,,,,no,,,,,MARS WRIGLEY,SRA1338726,,public,8C8DF6141B0868A97CA81961F65A1354,E4E0C61C473D2A8A7F2C27961AFBA856
SRR17130831,2022-12-31 00:19:56,2021-12-04 15:23:11,22630,11360260,22630,502,6,,https://sra-downloadb.be-md.ncbi.nlm.nih.gov/sos8/sra-pub-zq-820/SRR017/17130/SRR17130831/SRR17130831.lite.1,SRX13315172,C-11A_16S,AMPLICON,unspecified,METAGENOMIC,PAIRED,0,0,ILLUMINA,Illumina MiSeq,SRP349249,PRJNA786222,,786222,SRS11223358,SAMN23637271,simple,410658,soil metagenome,T91a,,,,,,,no,,,,,MARS WRIGLEY,SRA1338726,,public,6B7846D2CB6D1DA8E1E6C07383E77CB9,2CE26E461058CA082D8D12B6101FE5AC
SRR17130830,2022-12-31 00:19:56,2021-12-04 15:23:00,49500,24849000,49500,502,14,,https://sra-downloadb.be-md.ncbi.nlm.nih.gov/sos8/sra-pub-zq-818/SRR017/17130/SRR17130830/SRR17130830.lite.1,SRX13315173,C-12A_16S,AMPLICON,unspecified,METAGENOMIC,PAIRED,0,0,ILLUMINA,Illumina MiSeq,SRP349249,PRJNA786222,,786222,SRS11223359,SAMN23637272,simple,410658,soil metagenome,T92a,,,,,,,no,,,,,MARS WRIGLEY,SRA1338726,,public,791C3B63D0BA66B0351D4A9E1697EF83,D6A375EF168AE7F1B81D08C639B74051
SRR17130828,2022-12-31 00:19:56,2021-12-04 15:23:12,31718,15922436,31718,502,9,,https://sra-downloadb.be-md.ncbi.nlm.nih.gov/sos8/sra-pub-zq-818/SRR017/17130/SRR17130828/SRR17130828.lite.1,SRX13315175,C-13A_16S,AMPLICON,unspecified,METAGENOMIC,PAIRED,0,0,ILLUMINA,Illumina MiSeq,SRP349249,PRJNA786222,,786222,SRS11223361,SAMN23637273,simple,410658,soil metagenome,T93a,,,,,,,no,,,,,MARS WRIGLEY,SRA1338726,,public,03EF560D16D47E39156005DCF0AF0AF9,2326D2BDD66F0E5F26076BF9F722359A
SRR17130827,2022-12-31 00:19:56,2021-12-04 15:23:13,38826,19490652,38826,502,10,,https://sra-downloadb.be-md.ncbi.nlm.nih.gov/sos8/sra-pub-zq-818/SRR017/17130/SRR17130827/SRR17130827.lite.1,SRX13315176,C-14A_16S,AMPLICON,unspecified,METAGENOMIC,PAIRED,0,0,ILLUMINA,Illumina MiSeq,SRP349249,PRJNA786222,,786222,SRS11223362,SAMN23637274,simple,410658,soil metagenome,T94a,,,,,,,no,,,,,MARS WRIGLEY,SRA1338726,,public,C98145EF4F4CF2CE4B8E7693A35EFD7C,8F2DFF20E1BFF5490DB69AD8EE693CA9
SRR17130839,2022-12-31 00:19:56,2021-12-04 15:23:21,149747,66786637,149747,445,19,,https://sra-downloadb.be-md.ncbi.nlm.nih.gov/sos8/sra-pub-zq-818/SRR017/17130/SRR17130839/SRR17130839.lite.1,SRX13315164,T94_ITS,AMPLICON,unspecified,METAGENOMIC,PAIRED,0,0,ILLUMINA,Illumina NovaSeq 6000,SRP349249,PRJNA786222,,786222,SRS11223350,SAMN23637374,simple,410658,soil metagenome,T94b,,,,,,,no,,,,,MARS WRIGLEY,SRA1338726,,public,4090A6C1A5943449566BDF53A6AF2FEE,3A8E70EFF2AE5038CB27B34102B92B3A
SRR17130826,2022-12-31 00:19:56,2021-12-04 15:22:59,27226,13667452,27226,502,7,,https://sra-downloadb.be-md.ncbi.nlm.nih.gov/sos8/sra-pub-zq-818/SRR017/17130/SRR17130826/SRR17130826.lite.1,SRX13315177,C-15A_16S,AMPLICON,unspecified,METAGENOMIC,PAIRED,0,0,ILLUMINA,Illumina MiSeq,SRP349249,PRJNA786222,,786222,SRS11223363,SAMN23637275,simple,410658,soil metagenome,T95a,,,,,,,no,,,,,MARS WRIGLEY,SRA1338726,,public,A3B4A1742F2576699DCB48DDBF8818B6,B26051B9FAB08396B13F007AC5D29A4F
SRR17130838,2022-12-31 00:19:56,2021-12-04 15:23:27,157967,70452545,157967,445,21,,https://sra-downloadb.be-md.ncbi.nlm.nih.gov/sos8/sra-pub-zq-818/SRR017/17130/SRR17130838/SRR17130838.lite.1,SRX13315165,T95_ITS,AMPLICON,unspecified,METAGENOMIC,PAIRED,0,0,ILLUMINA,Illumina NovaSeq 6000,SRP349249,PRJNA786222,,786222,SRS11223351,SAMN23637375,simple,410658,soil metagenome,T95b,,,,,,,no,,,,,MARS WRIGLEY,SRA1338726,,public,AE0032103AAE964B9F6A9508C2BB9E36,6677C1B6E496C59B1A581191FC772AD8
SRR17130825,2022-12-31 00:19:56,2021-12-04 15:23:00,30690,15406380,30690,502,8,,https://sra-downloadb.be-md.ncbi.nlm.nih.gov/sos8/sra-pub-zq-818/SRR017/17130/SRR17130825/SRR17130825.lite.1,SRX13315178,C-16A_16S,AMPLICON,unspecified,METAGENOMIC,PAIRED,0,0,ILLUMINA,Illumina MiSeq,SRP349249,PRJNA786222,,786222,SRS11223364,SAMN23637276,simple,410658,soil metagenome,T96a,,,,,,,no,,,,,MARS WRIGLEY,SRA1338726,,public,DA252FE3A30059AF0C635829E59822F6,63EEA026EA4B75EA3E169848557B405A
SRR17130837,2022-12-31 00:19:56,2021-12-04 15:23:12,154562,68933666,154562,445,20,,https://sra-downloadb.be-md.ncbi.nlm.nih.gov/sos1/sra-pub-zq-38/SRR017/17130/SRR17130837/SRR17130837.lite.1,SRX13315166,T96_ITS,AMPLICON,unspecified,METAGENOMIC,PAIRED,0,0,ILLUMINA,Illumina NovaSeq 6000,SRP349249,PRJNA786222,,786222,SRS11223352,SAMN23637376,simple,410658,soil metagenome,T96b,,,,,,,no,,,,,MARS WRIGLEY,SRA1338726,,public,91E4363FB9DA17F06C16CA4281ECACC4,91DE447365BCB040D58AB42B61676569
SRR17130824,2022-12-31 00:19:56,2021-12-04 15:23:21,110832,55637664,110832,502,32,,https://sra-downloadb.be-md.ncbi.nlm.nih.gov/sos1/sra-pub-zq-38/SRR017/17130/SRR17130824/SRR17130824.lite.1,SRX13315179,C-17A_16S,AMPLICON,unspecified,METAGENOMIC,PAIRED,0,0,ILLUMINA,Illumina MiSeq,SRP349249,PRJNA786222,,786222,SRS11223365,SAMN23637277,simple,410658,soil metagenome,T97a,,,,,,,no,,,,,MARS WRIGLEY,SRA1338726,,public,C39509173ADCB54BEF8095E6B4A53F85,CE9934A3C570431EEEEAFBAA11DE86F9
SRR17130836,2022-12-31 00:19:56,2021-12-04 15:23:26,130099,58023511,130099,445,17,,https://sra-downloadb.be-md.ncbi.nlm.nih.gov/sos8/sra-pub-zq-818/SRR017/17130/SRR17130836/SRR17130836.lite.1,SRX13315167,T97_ITS,AMPLICON,unspecified,METAGENOMIC,PAIRED,0,0,ILLUMINA,Illumina NovaSeq 6000,SRP349249,PRJNA786222,,786222,SRS11223353,SAMN23637377,simple,410658,soil metagenome,T97b,,,,,,,no,,,,,MARS WRIGLEY,SRA1338726,,public,11127C56A9A53D926AFEA084295F7590,9BBE1F351F90E0F8742D6ACEFB05EE59
SRR17130823,2022-12-31 00:19:56,2021-12-04 15:23:13,25810,12956620,25810,502,6,,https://sra-downloadb.be-md.ncbi.nlm.nih.gov/sos8/sra-pub-zq-818/SRR017/17130/SRR17130823/SRR17130823.lite.1,SRX13315180,C-18A_16S,AMPLICON,unspecified,METAGENOMIC,PAIRED,0,0,ILLUMINA,Illumina MiSeq,SRP349249,PRJNA786222,,786222,SRS11223366,SAMN23637278,simple,410658,soil metagenome,T98a,,,,,,,no,,,,,MARS WRIGLEY,SRA1338726,,public,A1168F34251E92CF6FDE5C8C1BF5B29A,E1A996474D4C0AB7DCD31E5DD3CC787D
SRR17130835,2022-12-31 00:19:56,2021-12-04 15:23:11,137906,61505350,137906,445,16,,https://sra-downloadb.be-md.ncbi.nlm.nih.gov/sos1/sra-pub-zq-38/SRR017/17130/SRR17130835/SRR17130835.lite.1,SRX13315168,T98_ITS,AMPLICON,unspecified,METAGENOMIC,PAIRED,0,0,ILLUMINA,Illumina NovaSeq 6000,SRP349249,PRJNA786222,,786222,SRS11223354,SAMN23637378,simple,410658,soil metagenome,T98b,,,,,,,no,,,,,MARS WRIGLEY,SRA1338726,,public,B176829E4F2F9C5B4C46B00A2B3914F8,70457D2EBF493BE8258BC55EEE06E3C5
SRR17130822,2022-12-31 00:19:56,2021-12-04 15:23:13,50791,25497082,50791,502,14,,https://sra-downloadb.be-md.ncbi.nlm.nih.gov/sos8/sra-pub-zq-818/SRR017/17130/SRR17130822/SRR17130822.lite.1,SRX13315181,C-19A_16S,AMPLICON,unspecified,METAGENOMIC,PAIRED,0,0,ILLUMINA,Illumina MiSeq,SRP349249,PRJNA786222,,786222,SRS11223367,SAMN23637279,simple,410658,soil metagenome,T99a,,,,,,,no,,,,,MARS WRIGLEY,SRA1338726,,public,8D29F4D4C4AE5333F8A090A91A406CD1,B578E1CCE18509D229E9E71E102EFF3B
SRR17130834,2022-12-31 00:19:56,2021-12-04 15:23:11,146411,65298816,146411,445,19,,https://sra-downloadb.be-md.ncbi.nlm.nih.gov/sos8/sra-pub-zq-818/SRR017/17130/SRR17130834/SRR17130834.lite.1,SRX13315169,T99_ITS,AMPLICON,unspecified,METAGENOMIC,PAIRED,0,0,ILLUMINA,Illumina NovaSeq 6000,SRP349249,PRJNA786222,,786222,SRS11223355,SAMN23637379,simple,410658,soil metagenome,T99b,,,,,,,no,,,,,MARS WRIGLEY,SRA1338726,,public,E606CCA6A003F7C3F4D3A0BBA949AF8F,EB4F7D293C8DD5212287A3AEAC4DBD6D
SRR17130829,2022-12-31 00:19:56,2021-12-04 15:22:42,2189,1098878,2189,502,0,,https://sra-downloadb.be-md.ncbi.nlm.nih.gov/sos1/sra-pub-zq-38/SRR017/17130/SRR17130829/SRR17130829.lite.1,SRX13315174,CAC32A_16S,AMPLICON,unspecified,METAGENOMIC,PAIRED,0,0,ILLUMINA,Illumina MiSeq,SRP349249,PRJNA786222,,786222,SRS11223360,SAMN23637189,simple,410658,soil metagenome,T9a,,,,,,,no,,,,,MARS WRIGLEY,SRA1338726,,public,BA374CF594F5F091B2DEA38744B3F9D2,66969D11D3BC9F7291593525C461DCD5
SRR17130811,2022-12-31 00:19:56,2021-12-04 15:22:58,163094,72739027,163094,445,21,,https://sra-downloadb.be-md.ncbi.nlm.nih.gov/sos8/sra-pub-zq-818/SRR017/17130/SRR17130811/SRR17130811.lite.1,SRX13315192,T9_ITS,AMPLICON,unspecified,METAGENOMIC,PAIRED,0,0,ILLUMINA,Illumina NovaSeq 6000,SRP349249,PRJNA786222,,786222,SRS11223378,SAMN23637289,simple,410658,soil metagenome,T9b,,,,,,,no,,,,,MARS WRIGLEY,SRA1338726,,public,04EC783049BFD67A5ED483EAFEB648C1,CA78D2B2E36A9C539E46AFC8ED34EF2D
SRR17130865,2022-12-31 00:19:56,2021-12-04 15:23:23,25769,12936038,25769,502,7,,https://sra-downloadb.be-md.ncbi.nlm.nih.gov/sos8/sra-pub-zq-818/SRR017/17130/SRR17130865/SRR17130865.lite.1,SRX13315138,CAC35A_16S,AMPLICON,unspecified,METAGENOMIC,PAIRED,0,0,ILLUMINA,Illumina MiSeq,SRP349249,PRJNA786222,,786222,SRS11223324,SAMN23637191,simple,410658,soil metagenome,T11a,,,,,,,no,,,,,MARS WRIGLEY,SRA1338726,,public,70E3C3BD69D5DE8E93EE9B29C0981A4E,06B2769C7B4EF5D86B5235DC85358260
SRR17130864,2022-12-31 00:19:56,2021-12-04 15:23:20,158157,70536798,158157,445,20,,https://sra-downloadb.be-md.ncbi.nlm.nih.gov/sos8/sra-pub-zq-818/SRR017/17130/SRR17130864/SRR17130864.lite.1,SRX13315139,T13_ITS,AMPLICON,unspecified,METAGENOMIC,PAIRED,0,0,ILLUMINA,Illumina NovaSeq 6000,SRP349249,PRJNA786222,,786222,SRS11223325,SAMN23637293,simple,410658,soil metagenome,T13b,,,,,,,no,,,,,MARS WRIGLEY,SRA1338726,,public,95A0BAA20825D845B5DF998B5D28AD50,D8E85FC33A3EA5D7EBD2A870395B09D3
SRR17130863,2022-12-31 00:19:56,2021-12-04 15:22:56,6281,3153062,6281,502,1,,https://sra-downloadb.be-md.ncbi.nlm.nih.gov/sos8/sra-pub-zq-818/SRR017/17130/SRR17130863/SRR17130863.lite.1,SRX13315140,CAC46A_16S,AMPLICON,unspecified,METAGENOMIC,PAIRED,0,0,ILLUMINA,Illumina MiSeq,SRP349249,PRJNA786222,,786222,SRS11223326,SAMN23637197,simple,410658,soil metagenome,T17a,,,,,,,no,,,,,MARS WRIGLEY,SRA1338726,,public,BCF5A899C05A7B3ED8EE0FA0D9B0C611,C494145B48D67790267AAAD6E5A6B045
SRR17130852,2022-12-31 00:19:56,2021-12-04 15:23:13,21081,10582662,21081,502,6,,https://sra-downloadb.be-md.ncbi.nlm.nih.gov/sos1/sra-pub-zq-38/SRR017/17130/SRR17130852/SRR17130852.lite.1,SRX13315151,CAC48A_16S,AMPLICON,unspecified,METAGENOMIC,PAIRED,0,0,ILLUMINA,Illumina MiSeq,SRP349249,PRJNA786222,,786222,SRS11223337,SAMN23637198,simple,410658,soil metagenome,T18a,,,,,,,no,,,,,MARS WRIGLEY,SRA1338726,,public,A9ACBE681CDC4D15B057689353A099BD,B1618DFD8EA966F9551F8C0F22A7A2B1
SRR17130841,2022-12-31 00:19:56,2021-12-04 15:22:59,15655,7858810,15655,502,4,,https://sra-downloadb.be-md.ncbi.nlm.nih.gov/sos8/sra-pub-zq-818/SRR017/17130/SRR17130841/SRR17130841.lite.1,SRX13315162,CAC50A_16S,AMPLICON,unspecified,METAGENOMIC,PAIRED,0,0,ILLUMINA,Illumina MiSeq,SRP349249,PRJNA786222,,786222,SRS11223348,SAMN23637199,simple,410658,soil metagenome,T19a,,,,,,,no,,,,,MARS WRIGLEY,SRA1338726,,public,550B2F76FBA3C49D16766CEE9E4A4FF4,D942DA4C46CF7B7176BD04A131BA1244
SRR17130867,2022-12-31 00:19:56,2021-12-04 15:23:00,9031,4533562,9031,502,2,,https://sra-downloadb.be-md.ncbi.nlm.nih.gov/sos8/sra-pub-zq-818/SRR017/17130/SRR17130867/SRR17130867.lite.1,SRX13315136,CAC7A_16S,AMPLICON,unspecified,METAGENOMIC,PAIRED,0,0,ILLUMINA,Illumina MiSeq,SRP349249,PRJNA786222,,786222,SRS11223322,SAMN23637181,simple,410658,soil metagenome,T1a,,,,,,,no,,,,,MARS WRIGLEY,SRA1338726,,public,4874A9F317BA6F910D963E417C018AE8,FF9D95A01C13B2F4C3B8AF5998E7AF83
SRR17130866,2022-12-31 00:19:56,2021-12-04 15:23:12,21037,10560574,21037,502,6,,https://sra-downloadb.be-md.ncbi.nlm.nih.gov/sos1/sra-pub-zq-38/SRR017/17130/SRR17130866/SRR17130866.lite.1,SRX13315137,CAC10A_16S,AMPLICON,unspecified,METAGENOMIC,PAIRED,0,0,ILLUMINA,Illumina MiSeq,SRP349249,PRJNA786222,,786222,SRS11223323,SAMN23637182,simple,410658,soil metagenome,T2a,,,,,,,no,,,,,MARS WRIGLEY,SRA1338726,,public,22C2978AC411EC1688E7032BFEFABDE1,BD68981BAFE81D9FEA80DDBCA7DABF6D
SRR17130862,2022-12-31 00:19:56,2021-12-04 15:23:12,135540,60450128,135540,445,17,,https://sra-downloadb.be-md.ncbi.nlm.nih.gov/sos8/sra-pub-zq-818/SRR017/17130/SRR17130862/SRR17130862.lite.1,SRX13315141,T73_ITS,AMPLICON,unspecified,METAGENOMIC,PAIRED,0,0,ILLUMINA,Illumina NovaSeq 6000,SRP349249,PRJNA786222,,786222,SRS11223327,SAMN23637353,simple,410658,soil metagenome,T73b,,,,,,,no,,,,,MARS WRIGLEY,SRA1338726,,public,E378AF52FA5A9056E497425EF394559C,237E60AB149CA42797E665B05D485680
SRR17130861,2022-12-31 00:19:56,2021-12-04 15:23:13,150473,67110237,150473,445,19,,https://sra-downloadb.be-md.ncbi.nlm.nih.gov/sos1/sra-pub-zq-38/SRR017/17130/SRR17130861/SRR17130861.lite.1,SRX13315142,T74_ITS,AMPLICON,unspecified,METAGENOMIC,PAIRED,0,0,ILLUMINA,Illumina NovaSeq 6000,SRP349249,PRJNA786222,,786222,SRS11223328,SAMN23637354,simple,410658,soil metagenome,T74b,,,,,,,no,,,,,MARS WRIGLEY,SRA1338726,,public,0C77A3662B69EE349A788762BBE2A812,A5B86F324C92B649DAE3F4D036E9CE5F
SRR17130860,2022-12-31 00:19:56,2021-12-04 15:23:21,163912,73104258,163912,445,21,,https://sra-downloadb.be-md.ncbi.nlm.nih.gov/sos8/sra-pub-zq-818/SRR017/17130/SRR17130860/SRR17130860.lite.1,SRX13315143,T75_ITS,AMPLICON,unspecified,METAGENOMIC,PAIRED,0,0,ILLUMINA,Illumina NovaSeq 6000,SRP349249,PRJNA786222,,786222,SRS11223329,SAMN23637355,simple,410658,soil metagenome,T75b,,,,,,,no,,,,,MARS WRIGLEY,SRA1338726,,public,943A9A9DB65B1F6A355594E75025F917,06B91771F8181BE1C2B8C3F16BADD430
SRR17130859,2022-12-31 00:19:56,2021-12-04 15:23:21,148228,66109118,148228,445,19,,https://sra-downloadb.be-md.ncbi.nlm.nih.gov/sos1/sra-pub-zq-38/SRR017/17130/SRR17130859/SRR17130859.lite.1,SRX13315144,T76_ITS,AMPLICON,unspecified,METAGENOMIC,PAIRED,0,0,ILLUMINA,Illumina NovaSeq 6000,SRP349249,PRJNA786222,,786222,SRS11223330,SAMN23637356,simple,410658,soil metagenome,T76b,,,,,,,no,,,,,MARS WRIGLEY,SRA1338726,,public,FD3FEB8DA24E301A57DBF6D00CDF879C,AB37C7BC84C92E770C6E44CE3832A8A7
SRR17130858,2022-12-31 00:19:56,2021-12-04 15:23:24,139392,62168395,139392,445,18,,https://sra-downloadb.be-md.ncbi.nlm.nih.gov/sos8/sra-pub-zq-818/SRR017/17130/SRR17130858/SRR17130858.lite.1,SRX13315145,T77_ITS,AMPLICON,unspecified,METAGENOMIC,PAIRED,0,0,ILLUMINA,Illumina NovaSeq 6000,SRP349249,PRJNA786222,,786222,SRS11223331,SAMN23637357,simple,410658,soil metagenome,T77b,,,,,,,no,,,,,MARS WRIGLEY,SRA1338726,,public,0A2D7DBE08394961054DE9B0AF280D86,826F4B5177726B8EC4367E236C7F4BA5
SRR17130857,2022-12-31 00:19:56,2021-12-04 15:23:25,158918,70876777,158918,445,21,,https://sra-downloadb.be-md.ncbi.nlm.nih.gov/sos8/sra-pub-zq-818/SRR017/17130/SRR17130857/SRR17130857.lite.1,SRX13315146,T78_ITS,AMPLICON,unspecified,METAGENOMIC,PAIRED,0,0,ILLUMINA,Illumina NovaSeq 6000,SRP349249,PRJNA786222,,786222,SRS11223332,SAMN23637358,simple,410658,soil metagenome,T78b,,,,,,,no,,,,,MARS WRIGLEY,SRA1338726,,public,3173E19E054D56514B67FF93FF09135D,E09C1B5235C33968B094FAE0E76269C4
SRR17130856,2022-12-31 00:19:56,2021-12-04 15:23:20,139764,62333926,139764,445,18,,https://sra-downloadb.be-md.ncbi.nlm.nih.gov/sos8/sra-pub-zq-818/SRR017/17130/SRR17130856/SRR17130856.lite.1,SRX13315147,T79_ITS,AMPLICON,unspecified,METAGENOMIC,PAIRED,0,0,ILLUMINA,Illumina NovaSeq 6000,SRP349249,PRJNA786222,,786222,SRS11223333,SAMN23637359,simple,410658,soil metagenome,T79b,,,,,,,no,,,,,MARS WRIGLEY,SRA1338726,,public,29E64C1CBEE4FE0658DD94636ED025AF,0B1E5AB4D78654A00C746CBB5E173364
SRR17130855,2022-12-31 00:19:56,2021-12-04 15:23:23,142544,63574007,142544,445,19,,https://sra-downloadb.be-md.ncbi.nlm.nih.gov/sos1/sra-pub-zq-38/SRR017/17130/SRR17130855/SRR17130855.lite.1,SRX13315148,T80_ITS,AMPLICON,unspecified,METAGENOMIC,PAIRED,0,0,ILLUMINA,Illumina NovaSeq 6000,SRP349249,PRJNA786222,,786222,SRS11223334,SAMN23637360,simple,410658,soil metagenome,T80b,,,,,,,no,,,,,MARS WRIGLEY,SRA1338726,,public,281CAF2486A839F53F645BBDC370E950,7E3FD93D836507B97E9CBC19CEB1AC0D
SRR17130854,2022-12-31 00:19:56,2021-12-04 15:23:24,160187,71442641,160187,445,21,,https://sra-downloadb.be-md.ncbi.nlm.nih.gov/sos8/sra-pub-zq-818/SRR017/17130/SRR17130854/SRR17130854.lite.1,SRX13315149,T81_ITS,AMPLICON,unspecified,METAGENOMIC,PAIRED,0,0,ILLUMINA,Illumina NovaSeq 6000,SRP349249,PRJNA786222,,786222,SRS11223335,SAMN23637361,simple,410658,soil metagenome,T81b,,,,,,,no,,,,,MARS WRIGLEY,SRA1338726,,public,574BDE22768B13892656F59F692C5A8B,61A6051D25DA14E3827C52ECB6FC4CFA
SRR17130853,2022-12-31 00:19:56,2021-12-04 15:23:21,141392,63060303,141392,445,18,,https://sra-downloadb.be-md.ncbi.nlm.nih.gov/sos1/sra-pub-zq-38/SRR017/17130/SRR17130853/SRR17130853.lite.1,SRX13315150,T82_ITS,AMPLICON,unspecified,METAGENOMIC,PAIRED,0,0,ILLUMINA,Illumina NovaSeq 6000,SRP349249,PRJNA786222,,786222,SRS11223336,SAMN23637362,simple,410658,soil metagenome,T82b,,,,,,,no,,,,,MARS WRIGLEY,SRA1338726,,public,CC324E605B80839FB96A60661D2CB8D2,3637CFDDA59FF60BE7A7875E9192B7E7
SRR17130851,2022-12-31 00:19:56,2021-12-04 15:23:24,166017,74042876,166017,445,22,,https://sra-downloadb.be-md.ncbi.nlm.nih.gov/sos8/sra-pub-zq-820/SRR017/17130/SRR17130851/SRR17130851.lite.1,SRX13315152,T83_ITS,AMPLICON,unspecified,METAGENOMIC,PAIRED,0,0,ILLUMINA,Illumina NovaSeq 6000,SRP349249,PRJNA786222,,786222,SRS11223338,SAMN23637363,simple,410658,soil metagenome,T83b,,,,,,,no,,,,,MARS WRIGLEY,SRA1338726,,public,B295FFA7233F6E5A205E9B3936D8BB07,936A9F979DCF8C0D3B7EEC99CB4D2B3F
SRR17130850,2022-12-31 00:19:56,2021-12-04 15:23:24,153053,68260811,153053,445,20,,https://sra-downloadb.be-md.ncbi.nlm.nih.gov/sos8/sra-pub-zq-818/SRR017/17130/SRR17130850/SRR17130850.lite.1,SRX13315153,T84_ITS,AMPLICON,unspecified,METAGENOMIC,PAIRED,0,0,ILLUMINA,Illumina NovaSeq 6000,SRP349249,PRJNA786222,,786222,SRS11223339,SAMN23637364,simple,410658,soil metagenome,T84b,,,,,,,no,,,,,MARS WRIGLEY,SRA1338726,,public,94CE05316552408D8AFCB80242332BEE,6A0A679C5BCF91688FA5893697FD932F
SRR17130849,2022-12-31 00:19:56,2021-12-04 15:23:12,165764,73929984,165764,445,22,,https://sra-downloadb.be-md.ncbi.nlm.nih.gov/sos8/sra-pub-zq-818/SRR017/17130/SRR17130849/SRR17130849.lite.1,SRX13315154,T85_ITS,AMPLICON,unspecified,METAGENOMIC,PAIRED,0,0,ILLUMINA,Illumina NovaSeq 6000,SRP349249,PRJNA786222,,786222,SRS11223340,SAMN23637365,simple,410658,soil metagenome,T85b,,,,,,,no,,,,,MARS WRIGLEY,SRA1338726,,public,D8B0D7C1FE7412A4B19A7E8038A45EDE,B5B2FA7C8B59169BE36D68C2DA87F50A
SRR17130848,2022-12-31 00:19:56,2021-12-04 15:23:25,134658,60056731,134658,445,17,,https://sra-downloadb.be-md.ncbi.nlm.nih.gov/sos8/sra-pub-zq-818/SRR017/17130/SRR17130848/SRR17130848.lite.1,SRX13315155,T86_ITS,AMPLICON,unspecified,METAGENOMIC,PAIRED,0,0,ILLUMINA,Illumina NovaSeq 6000,SRP349249,PRJNA786222,,786222,SRS11223341,SAMN23637366,simple,410658,soil metagenome,T86b,,,,,,,no,,,,,MARS WRIGLEY,SRA1338726,,public,B44DD9FB7100DD68246AF47568D9894F,639ED4CA474227DC42E8BFD3A409C39C
SRR17130847,2022-12-31 00:19:56,2021-12-04 15:23:26,156631,69856836,156631,445,20,,https://sra-downloadb.be-md.ncbi.nlm.nih.gov/sos8/sra-pub-zq-818/SRR017/17130/SRR17130847/SRR17130847.lite.1,SRX13315156,T87_ITS,AMPLICON,unspecified,METAGENOMIC,PAIRED,0,0,ILLUMINA,Illumina NovaSeq 6000,SRP349249,PRJNA786222,,786222,SRS11223342,SAMN23637367,simple,410658,soil metagenome,T87b,,,,,,,no,,,,,MARS WRIGLEY,SRA1338726,,public,B32AA64F7008E41847DCC504078C7041,14299DBA168FF15646C771AEDDCF906B
SRR17130846,2022-12-31 00:19:56,2021-12-04 15:23:24,139104,62039767,139104,445,18,,https://sra-downloadb.be-md.ncbi.nlm.nih.gov/sos1/sra-pub-zq-38/SRR017/17130/SRR17130846/SRR17130846.lite.1,SRX13315157,T88_ITS,AMPLICON,unspecified,METAGENOMIC,PAIRED,0,0,ILLUMINA,Illumina NovaSeq 6000,SRP349249,PRJNA786222,,786222,SRS11223343,SAMN23637368,simple,410658,soil metagenome,T88b,,,,,,,no,,,,,MARS WRIGLEY,SRA1338726,,public,8403DB056C02F2D144AACCAD51DB8DC8,90F123EFB4E042BC465738A449CCD1A8
SRR17130845,2022-12-31 00:19:56,2021-12-04 15:23:12,134861,60147512,134861,445,18,,https://sra-downloadb.be-md.ncbi.nlm.nih.gov/sos8/sra-pub-zq-820/SRR017/17130/SRR17130845/SRR17130845.lite.1,SRX13315158,T89_ITS,AMPLICON,unspecified,METAGENOMIC,PAIRED,0,0,ILLUMINA,Illumina NovaSeq 6000,SRP349249,PRJNA786222,,786222,SRS11223344,SAMN23637369,simple,410658,soil metagenome,T89b,,,,,,,no,,,,,MARS WRIGLEY,SRA1338726,,public,02C204522A3BA3DA1278149B66D1CBBC,B2821C70D9E6BC390CEF3B9A3DE17774
SRR17130844,2022-12-31 00:19:56,2021-12-04 15:23:12,139389,62166841,139389,445,18,,https://sra-downloadb.be-md.ncbi.nlm.nih.gov/sos8/sra-pub-zq-818/SRR017/17130/SRR17130844/SRR17130844.lite.1,SRX13315159,T90_ITS,AMPLICON,unspecified,METAGENOMIC,PAIRED,0,0,ILLUMINA,Illumina NovaSeq 6000,SRP349249,PRJNA786222,,786222,SRS11223345,SAMN23637370,simple,410658,soil metagenome,T90b,,,,,,,no,,,,,MARS WRIGLEY,SRA1338726,,public,676B362F9991B1D0DF772E51EF37D27B,3F00E093E60D32E91A3607D24F2797A5
SRR17130843,2022-12-31 00:19:56,2021-12-04 15:23:24,131934,58841712,131934,445,17,,https://sra-downloadb.be-md.ncbi.nlm.nih.gov/sos1/sra-pub-zq-38/SRR017/17130/SRR17130843/SRR17130843.lite.1,SRX13315160,T91_ITS,AMPLICON,unspecified,METAGENOMIC,PAIRED,0,0,ILLUMINA,Illumina NovaSeq 6000,SRP349249,PRJNA786222,,786222,SRS11223346,SAMN23637371,simple,410658,soil metagenome,T91b,,,,,,,no,,,,,MARS WRIGLEY,SRA1338726,,public,B3332405287F3C193D26D90FC123C64F,D74BF12AF54C770C9F7BD1DD46A1C56C
SRR17130842,2022-12-31 00:19:56,2021-12-04 15:23:10,115057,51314849,115057,445,15,,https://sra-downloadb.be-md.ncbi.nlm.nih.gov/sos8/sra-pub-zq-818/SRR017/17130/SRR17130842/SRR17130842.lite.1,SRX13315161,T92_ITS,AMPLICON,unspecified,METAGENOMIC,PAIRED,0,0,ILLUMINA,Illumina NovaSeq 6000,SRP349249,PRJNA786222,,786222,SRS11223347,SAMN23637372,simple,410658,soil metagenome,T92b,,,,,,,no,,,,,MARS WRIGLEY,SRA1338726,,public,D1F54E40BCFCBE5CCA2CE1BD5D7245BC,973CE69E8651010D1144D04FCEC0D439
SRR17130840,2022-12-31 00:19:56,2021-12-04 15:23:23,167278,74605114,167278,445,22,,https://sra-downloadb.be-md.ncbi.nlm.nih.gov/sos8/sra-pub-zq-818/SRR017/17130/SRR17130840/SRR17130840.lite.1,SRX13315163,T93_ITS,AMPLICON,unspecified,METAGENOMIC,PAIRED,0,0,ILLUMINA,Illumina NovaSeq 6000,SRP349249,PRJNA786222,,786222,SRS11223349,SAMN23637373,simple,410658,soil metagenome,T93b,,,,,,,no,,,,,MARS WRIGLEY,SRA1338726,,public,FA81684519889901B0DFD5C6695DE0BD,6451F2726F5FFFC1A6CBA6478186E619
